code,country,year,pop_val
ABW,Aruba,2017,105361
ABW,Aruba,2018,105846
ABW,Aruba,2019,106310
ABW,Aruba,2020,106766
ABW,Aruba,2021,107195
ABW,Aruba,2010,101665
ABW,Aruba,2011,102050
ABW,Aruba,2012,102565
ABW,Aruba,2013,103165
ABW,Aruba,2014,103776
ABW,Aruba,2015,104339
ABW,Aruba,2016,104865
AFE,Africa Eastern and Southern,2017,626392880
AFE,Africa Eastern and Southern,2018,643090131
AFE,Africa Eastern and Southern,2019,660046272
AFE,Africa Eastern and Southern,2020,677243299
AFE,Africa Eastern and Southern,2021,694665117
AFE,Africa Eastern and Southern,2010,518468229
AFE,Africa Eastern and Southern,2011,532760424
AFE,Africa Eastern and Southern,2012,547482863
AFE,Africa Eastern and Southern,2013,562601578
AFE,Africa Eastern and Southern,2014,578075373
AFE,Africa Eastern and Southern,2015,593871847
AFE,Africa Eastern and Southern,2016,609978946
AFG,Afghanistan,2017,36296111
AFG,Afghanistan,2018,37171922
AFG,Afghanistan,2019,38041757
AFG,Afghanistan,2020,38928341
AFG,Afghanistan,2021,39835428
AFG,Afghanistan,2010,29185511
AFG,Afghanistan,2011,30117411
AFG,Afghanistan,2012,31161378
AFG,Afghanistan,2013,32269592
AFG,Afghanistan,2014,33370804
AFG,Afghanistan,2015,34413603
AFG,Afghanistan,2016,35383028
AFW,Africa Western and Central,2017,423769930
AFW,Africa Western and Central,2018,435229381
AFW,Africa Western and Central,2019,446911598
AFW,Africa Western and Central,2020,458803476
AFW,Africa Western and Central,2021,470898870
AFW,Africa Western and Central,2010,350556886
AFW,Africa Western and Central,2011,360285439
AFW,Africa Western and Central,2012,370243017
AFW,Africa Western and Central,2013,380437896
AFW,Africa Western and Central,2014,390882979
AFW,Africa Western and Central,2015,401586651
AFW,Africa Western and Central,2016,412551299
AGO,Angola,2017,29816769
AGO,Angola,2018,30809787
AGO,Angola,2019,31825299
AGO,Angola,2020,32866268
AGO,Angola,2021,33933611
AGO,Angola,2010,23356247
AGO,Angola,2011,24220660
AGO,Angola,2012,25107925
AGO,Angola,2013,26015786
AGO,Angola,2014,26941773
AGO,Angola,2015,27884380
AGO,Angola,2016,28842482
ALB,Albania,2017,2873457
ALB,Albania,2018,2866376
ALB,Albania,2019,2854191
ALB,Albania,2020,2837849
ALB,Albania,2021,2811666
ALB,Albania,2010,2913021
ALB,Albania,2011,2905195
ALB,Albania,2012,2900401
ALB,Albania,2013,2895092
ALB,Albania,2014,2889104
ALB,Albania,2015,2880703
ALB,Albania,2016,2876101
AND,Andorra,2017,76997
AND,Andorra,2018,77008
AND,Andorra,2019,77146
AND,Andorra,2020,77265
AND,Andorra,2021,77354
AND,Andorra,2010,84454
AND,Andorra,2011,83748
AND,Andorra,2012,82427
AND,Andorra,2013,80770
AND,Andorra,2014,79213
AND,Andorra,2015,77993
AND,Andorra,2016,77295
ARB,Arab World,2017,411942825
ARB,Arab World,2018,419851989
ARB,Arab World,2019,427870273
ARB,Arab World,2020,436080728
ARB,Arab World,2021,444517783
ARB,Arab World,2010,354890097
ARB,Arab World,2011,363156846
ARB,Arab World,2012,371437642
ARB,Arab World,2013,379696477
ARB,Arab World,2014,387899835
ARB,Arab World,2015,396028301
ARB,Arab World,2016,404042892
ARE,United Arab Emirates,2017,9487206
ARE,United Arab Emirates,2018,9630966
ARE,United Arab Emirates,2019,9770526
ARE,United Arab Emirates,2020,9890400
ARE,United Arab Emirates,2021,9991083
ARE,United Arab Emirates,2010,8549998
ARE,United Arab Emirates,2011,8946778
ARE,United Arab Emirates,2012,9141598
ARE,United Arab Emirates,2013,9197908
ARE,United Arab Emirates,2014,9214182
ARE,United Arab Emirates,2015,9262896
ARE,United Arab Emirates,2016,9360975
ARG,Argentina,2017,44044811
ARG,Argentina,2018,44494502
ARG,Argentina,2019,44938712
ARG,Argentina,2020,45376763
ARG,Argentina,2021,45808747
ARG,Argentina,2010,40788453
ARG,Argentina,2011,41261490
ARG,Argentina,2012,41733271
ARG,Argentina,2013,42202935
ARG,Argentina,2014,42669500
ARG,Argentina,2015,43131966
ARG,Argentina,2016,43590368
ARM,Armenia,2017,2944789
ARM,Armenia,2018,2951741
ARM,Armenia,2019,2957728
ARM,Armenia,2020,2963234
ARM,Armenia,2021,2968128
ARM,Armenia,2010,2877314
ARM,Armenia,2011,2876536
ARM,Armenia,2012,2884239
ARM,Armenia,2013,2897593
ARM,Armenia,2014,2912403
ARM,Armenia,2015,2925559
ARM,Armenia,2016,2936147
ASM,American Samoa,2017,55617
ASM,American Samoa,2018,55461
ASM,American Samoa,2019,55312
ASM,American Samoa,2020,55197
ASM,American Samoa,2021,55103
ASM,American Samoa,2010,56084
ASM,American Samoa,2011,55755
ASM,American Samoa,2012,55669
ASM,American Samoa,2013,55717
ASM,American Samoa,2014,55791
ASM,American Samoa,2015,55806
ASM,American Samoa,2016,55739
ATG,Antigua and Barbuda,2017,95425
ATG,Antigua and Barbuda,2018,96282
ATG,Antigua and Barbuda,2019,97115
ATG,Antigua and Barbuda,2020,97928
ATG,Antigua and Barbuda,2021,98728
ATG,Antigua and Barbuda,2010,88030
ATG,Antigua and Barbuda,2011,89250
ATG,Antigua and Barbuda,2012,90407
ATG,Antigua and Barbuda,2013,91510
ATG,Antigua and Barbuda,2014,92562
ATG,Antigua and Barbuda,2015,93571
ATG,Antigua and Barbuda,2016,94520
AUS,Australia,2017,24601860
AUS,Australia,2018,24982688
AUS,Australia,2019,25365745
AUS,Australia,2020,25693267
AUS,Australia,2021,25739256
AUS,Australia,2010,22031750
AUS,Australia,2011,22340024
AUS,Australia,2012,22733465
AUS,Australia,2013,23128129
AUS,Australia,2014,23475686
AUS,Australia,2015,23815995
AUS,Australia,2016,24190907
AUT,Austria,2017,8797566
AUT,Austria,2018,8840521
AUT,Austria,2019,8879920
AUT,Austria,2020,8916864
AUT,Austria,2021,8956279
AUT,Austria,2010,8363404
AUT,Austria,2011,8391643
AUT,Austria,2012,8429991
AUT,Austria,2013,8479823
AUT,Austria,2014,8546356
AUT,Austria,2015,8642699
AUT,Austria,2016,8736668
AZE,Azerbaijan,2017,9854033
AZE,Azerbaijan,2018,9939771
AZE,Azerbaijan,2019,10024283
AZE,Azerbaijan,2020,10093121
AZE,Azerbaijan,2021,10145212
AZE,Azerbaijan,2010,9054332
AZE,Azerbaijan,2011,9173082
AZE,Azerbaijan,2012,9295784
AZE,Azerbaijan,2013,9416801
AZE,Azerbaijan,2014,9535079
AZE,Azerbaijan,2015,9649341
AZE,Azerbaijan,2016,9757812
BDI,Burundi,2017,10827010
BDI,Burundi,2018,11175379
BDI,Burundi,2019,11530577
BDI,Burundi,2020,11890781
BDI,Burundi,2021,12255429
BDI,Burundi,2010,8675606
BDI,Burundi,2011,8958406
BDI,Burundi,2012,9245992
BDI,Burundi,2013,9540302
BDI,Burundi,2014,9844301
BDI,Burundi,2015,10160034
BDI,Burundi,2016,10488002
BEL,Belgium,2017,11375158
BEL,Belgium,2018,11427054
BEL,Belgium,2019,11488980
BEL,Belgium,2020,11544241
BEL,Belgium,2021,11587882
BEL,Belgium,2010,10895586
BEL,Belgium,2011,11038264
BEL,Belgium,2012,11106932
BEL,Belgium,2013,11159407
BEL,Belgium,2014,11209057
BEL,Belgium,2015,11274196
BEL,Belgium,2016,11331422
BEN,Benin,2017,11175192
BEN,Benin,2018,11485035
BEN,Benin,2019,11801151
BEN,Benin,2020,12123198
BEN,Benin,2021,12451031
BEN,Benin,2010,9199254
BEN,Benin,2011,9460829
BEN,Benin,2012,9729254
BEN,Benin,2013,10004594
BEN,Benin,2014,10286839
BEN,Benin,2015,10575962
BEN,Benin,2016,10872072
BFA,Burkina Faso,2017,19193236
BFA,Burkina Faso,2018,19751466
BFA,Burkina Faso,2019,20321383
BFA,Burkina Faso,2020,20903278
BFA,Burkina Faso,2021,21497097
BFA,Burkina Faso,2010,15605211
BFA,Burkina Faso,2011,16081915
BFA,Burkina Faso,2012,16571252
BFA,Burkina Faso,2013,17072791
BFA,Burkina Faso,2014,17586029
BFA,Burkina Faso,2015,18110616
BFA,Burkina Faso,2016,18646350
BGD,Bangladesh,2017,159685421
BGD,Bangladesh,2018,161376713
BGD,Bangladesh,2019,163046173
BGD,Bangladesh,2020,164689383
BGD,Bangladesh,2021,166303494
BGD,Bangladesh,2010,147575433
BGD,Bangladesh,2011,149273134
BGD,Bangladesh,2012,151005733
BGD,Bangladesh,2013,152761413
BGD,Bangladesh,2014,154517385
BGD,Bangladesh,2015,156256287
BGD,Bangladesh,2016,157977151
BGR,Bulgaria,2017,7075947
BGR,Bulgaria,2018,7025037
BGR,Bulgaria,2019,6975761
BGR,Bulgaria,2020,6934015
BGR,Bulgaria,2021,6899125
BGR,Bulgaria,2010,7395599
BGR,Bulgaria,2011,7348328
BGR,Bulgaria,2012,7305888
BGR,Bulgaria,2013,7265115
BGR,Bulgaria,2014,7223938
BGR,Bulgaria,2015,7177991
BGR,Bulgaria,2016,7127822
BHR,Bahrain,2017,1494077
BHR,Bahrain,2018,1569440
BHR,Bahrain,2019,1641164
BHR,Bahrain,2020,1701583
BHR,Bahrain,2021,1748295
BHR,Bahrain,2010,1240864
BHR,Bahrain,2011,1278153
BHR,Bahrain,2012,1299942
BHR,Bahrain,2013,1315029
BHR,Bahrain,2014,1336073
BHR,Bahrain,2015,1371853
BHR,Bahrain,2016,1425793
 The,Bahamas,2017,377923
 The,Bahamas,2018,381749
 The,Bahamas,2019,385635
 The,Bahamas,2020,389486
 The,Bahamas,2021,393248
 The,Bahamas,2010,349600
 The,Bahamas,2011,354936
 The,Bahamas,2012,359583
 The,Bahamas,2013,363581
 The,Bahamas,2014,367162
 The,Bahamas,2015,370625
 The,Bahamas,2016,374200
BIH,Bosnia and Herzegovina,2017,3351534
BIH,Bosnia and Herzegovina,2018,3323929
BIH,Bosnia and Herzegovina,2019,3300998
BIH,Bosnia and Herzegovina,2020,3280815
BIH,Bosnia and Herzegovina,2021,3263459
BIH,Bosnia and Herzegovina,2010,3705478
BIH,Bosnia and Herzegovina,2011,3661173
BIH,Bosnia and Herzegovina,2012,3604972
BIH,Bosnia and Herzegovina,2013,3542598
BIH,Bosnia and Herzegovina,2014,3482106
BIH,Bosnia and Herzegovina,2015,3429362
BIH,Bosnia and Herzegovina,2016,3386263
BLR,Belarus,2017,9458989
BLR,Belarus,2018,9438785
BLR,Belarus,2019,9419758
BLR,Belarus,2020,9379952
BLR,Belarus,2021,9340314
BLR,Belarus,2010,9483836
BLR,Belarus,2011,9461643
BLR,Belarus,2012,9446836
BLR,Belarus,2013,9443211
BLR,Belarus,2014,9448515
BLR,Belarus,2015,9461076
BLR,Belarus,2016,9469379
BLZ,Belize,2017,375775
BLZ,Belize,2018,383071
BLZ,Belize,2019,390351
BLZ,Belize,2020,397621
BLZ,Belize,2021,404915
BLZ,Belize,2010,322465
BLZ,Belize,2011,330236
BLZ,Belize,2012,338001
BLZ,Belize,2013,345707
BLZ,Belize,2014,353366
BLZ,Belize,2015,360926
BLZ,Belize,2016,368399
BMU,Bermuda,2017,63873
BMU,Bermuda,2018,63918
BMU,Bermuda,2019,63911
BMU,Bermuda,2020,63893
BMU,Bermuda,2021,63867
BMU,Bermuda,2010,65124
BMU,Bermuda,2011,64564
BMU,Bermuda,2012,64798
BMU,Bermuda,2013,65001
BMU,Bermuda,2014,65138
BMU,Bermuda,2015,65237
BMU,Bermuda,2016,64554
BOL,Bolivia,2017,11192853
BOL,Bolivia,2018,11353140
BOL,Bolivia,2019,11513102
BOL,Bolivia,2020,11673029
BOL,Bolivia,2021,11832936
BOL,Bolivia,2010,10048597
BOL,Bolivia,2011,10212951
BOL,Bolivia,2012,10377677
BOL,Bolivia,2013,10542375
BOL,Bolivia,2014,10706517
BOL,Bolivia,2015,10869732
BOL,Bolivia,2016,11031822
BRA,Brazil,2017,207833825
BRA,Brazil,2018,209469320
BRA,Brazil,2019,211049519
BRA,Brazil,2020,212559409
BRA,Brazil,2021,213993441
BRA,Brazil,2010,195713637
BRA,Brazil,2011,197514541
BRA,Brazil,2012,199287292
BRA,Brazil,2013,201035904
BRA,Brazil,2014,202763744
BRA,Brazil,2015,204471759
BRA,Brazil,2016,206163056
BRB,Barbados,2017,286229
BRB,Barbados,2018,286640
BRB,Barbados,2019,287021
BRB,Barbados,2020,287371
BRB,Barbados,2021,287708
BRB,Barbados,2010,282131
BRB,Barbados,2011,282987
BRB,Barbados,2012,283698
BRB,Barbados,2013,284294
BRB,Barbados,2014,284825
BRB,Barbados,2015,285327
BRB,Barbados,2016,285798
BRN,Brunei Darussalam,2017,424481
BRN,Brunei Darussalam,2018,428960
BRN,Brunei Darussalam,2019,433296
BRN,Brunei Darussalam,2020,437483
BRN,Brunei Darussalam,2021,441532
BRN,Brunei Darussalam,2010,388634
BRN,Brunei Darussalam,2011,393687
BRN,Brunei Darussalam,2012,398997
BRN,Brunei Darussalam,2013,404414
BRN,Brunei Darussalam,2014,409778
BRN,Brunei Darussalam,2015,414914
BRN,Brunei Darussalam,2016,419791
BTN,Bhutan,2017,745563
BTN,Bhutan,2018,754396
BTN,Bhutan,2019,763094
BTN,Bhutan,2020,771612
BTN,Bhutan,2021,779900
BTN,Bhutan,2010,685502
BTN,Bhutan,2011,693297
BTN,Bhutan,2012,701582
BTN,Bhutan,2013,710235
BTN,Bhutan,2014,719053
BTN,Bhutan,2015,727885
BTN,Bhutan,2016,736706
BWA,Botswana,2017,2205076
BWA,Botswana,2018,2254067
BWA,Botswana,2019,2303703
BWA,Botswana,2020,2351625
BWA,Botswana,2021,2397240
BWA,Botswana,2010,1987106
BWA,Botswana,2011,2015406
BWA,Botswana,2012,2039551
BWA,Botswana,2013,2062551
BWA,Botswana,2014,2088619
BWA,Botswana,2015,2120716
BWA,Botswana,2016,2159925
CAF,Central African Republic,2017,4596023
CAF,Central African Republic,2018,4666375
CAF,Central African Republic,2019,4745179
CAF,Central African Republic,2020,4829764
CAF,Central African Republic,2021,4919987
CAF,Central African Republic,2010,4386765
CAF,Central African Republic,2011,4418639
CAF,Central African Republic,2012,4436411
CAF,Central African Republic,2013,4447945
CAF,Central African Republic,2014,4464171
CAF,Central African Republic,2015,4493171
CAF,Central African Republic,2016,4537683
CAN,Canada,2017,36545236
CAN,Canada,2018,37065084
CAN,Canada,2019,37601230
CAN,Canada,2020,38037204
CAN,Canada,2021,38246108
CAN,Canada,2010,34004889
CAN,Canada,2011,34339328
CAN,Canada,2012,34714222
CAN,Canada,2013,35082954
CAN,Canada,2014,35437435
CAN,Canada,2015,35702908
CAN,Canada,2016,36109487
CEB,Central Europe and the Baltics,2017,102740078
CEB,Central Europe and the Baltics,2018,102538451
CEB,Central Europe and the Baltics,2019,102398494
CEB,Central Europe and the Baltics,2020,102172351
CEB,Central Europe and the Baltics,2021,101669618
CEB,Central Europe and the Baltics,2010,104421447
CEB,Central Europe and the Baltics,2011,104174038
CEB,Central Europe and the Baltics,2012,103935318
CEB,Central Europe and the Baltics,2013,103713726
CEB,Central Europe and the Baltics,2014,103496179
CEB,Central Europe and the Baltics,2015,103257886
CEB,Central Europe and the Baltics,2016,102994278
CHE,Switzerland,2017,8451840
CHE,Switzerland,2018,8514329
CHE,Switzerland,2019,8575280
CHE,Switzerland,2020,8636561
CHE,Switzerland,2021,8697723
CHE,Switzerland,2010,7824909
CHE,Switzerland,2011,7912398
CHE,Switzerland,2012,7996861
CHE,Switzerland,2013,8089346
CHE,Switzerland,2014,8188649
CHE,Switzerland,2015,8282396
CHE,Switzerland,2016,8373338
CHI,Channel Islands,2017,168666
CHI,Channel Islands,2018,170496
CHI,Channel Islands,2019,172264
CHI,Channel Islands,2020,173859
CHI,Channel Islands,2021,175244
CHI,Channel Islands,2010,159718
CHI,Channel Islands,2011,160990
CHI,Channel Islands,2012,162051
CHI,Channel Islands,2013,163039
CHI,Channel Islands,2014,164107
CHI,Channel Islands,2015,165387
CHI,Channel Islands,2016,166922
CHL,Chile,2017,18470435
CHL,Chile,2018,18729166
CHL,Chile,2019,18952035
CHL,Chile,2020,19116209
CHL,Chile,2021,19212362
CHL,Chile,2010,17062531
CHL,Chile,2011,17233584
CHL,Chile,2012,17400359
CHL,Chile,2013,17571511
CHL,Chile,2014,17758969
CHL,Chile,2015,17969356
CHL,Chile,2016,18209072
CHN,China,2017,1396215000
CHN,China,2018,1402760000
CHN,China,2019,1407745000
CHN,China,2020,1411100000
CHN,China,2021,1412360000
CHN,China,2010,1337705000
CHN,China,2011,1345035000
CHN,China,2012,1354190000
CHN,China,2013,1363240000
CHN,China,2014,1371860000
CHN,China,2015,1379860000
CHN,China,2016,1387790000
CIV,Cote d'Ivoire,2017,24437475
CIV,Cote d'Ivoire,2018,25069226
CIV,Cote d'Ivoire,2019,25716554
CIV,Cote d'Ivoire,2020,26378275
CIV,Cote d'Ivoire,2021,27053629
CIV,Cote d'Ivoire,2010,20532944
CIV,Cote d'Ivoire,2011,21028652
CIV,Cote d'Ivoire,2012,21547188
CIV,Cote d'Ivoire,2013,22087506
CIV,Cote d'Ivoire,2014,22647672
CIV,Cote d'Ivoire,2015,23226148
CIV,Cote d'Ivoire,2016,23822726
CMR,Cameroon,2017,24566070
CMR,Cameroon,2018,25216261
CMR,Cameroon,2019,25876387
CMR,Cameroon,2020,26545864
CMR,Cameroon,2021,27224262
CMR,Cameroon,2010,20341236
CMR,Cameroon,2011,20906392
CMR,Cameroon,2012,21485267
CMR,Cameroon,2013,22077300
CMR,Cameroon,2014,22681853
CMR,Cameroon,2015,23298376
CMR,Cameroon,2016,23926549
 Dem. Rep.,Congo,2017,78789130
 Dem. Rep.,Congo,2018,81398765
 Dem. Rep.,Congo,2019,84068092
 Dem. Rep.,Congo,2020,86790568
 Dem. Rep.,Congo,2021,89561404
 Dem. Rep.,Congo,2010,62448572
 Dem. Rep.,Congo,2011,64563853
 Dem. Rep.,Congo,2012,66755151
 Dem. Rep.,Congo,2013,69020749
 Dem. Rep.,Congo,2014,71358804
 Dem. Rep.,Congo,2015,73767445
 Dem. Rep.,Congo,2016,76244532
 Rep.,Congo,2017,4980996
 Rep.,Congo,2018,5110701
 Rep.,Congo,2019,5244363
 Rep.,Congo,2020,5380504
 Rep.,Congo,2021,5518092
 Rep.,Congo,2010,4145400
 Rep.,Congo,2011,4273738
 Rep.,Congo,2012,4394842
 Rep.,Congo,2013,4510197
 Rep.,Congo,2014,4622757
 Rep.,Congo,2015,4736965
 Rep.,Congo,2016,4856093
COL,Colombia,2017,48909844
COL,Colombia,2018,49661056
COL,Colombia,2019,50339443
COL,Colombia,2020,50882884
COL,Colombia,2021,51265841
COL,Colombia,2010,45222699
COL,Colombia,2011,45662747
COL,Colombia,2012,46075721
COL,Colombia,2013,46495492
COL,Colombia,2014,46967706
COL,Colombia,2015,47520667
COL,Colombia,2016,48175048
COM,Comoros,2017,813890
COM,Comoros,2018,832322
COM,Comoros,2019,850891
COM,Comoros,2020,869595
COM,Comoros,2021,888456
COM,Comoros,2010,689696
COM,Comoros,2011,706578
COM,Comoros,2012,723865
COM,Comoros,2013,741511
COM,Comoros,2014,759390
COM,Comoros,2015,777435
COM,Comoros,2016,795597
CPV,Cabo Verde,2017,537499
CPV,Cabo Verde,2018,543764
CPV,Cabo Verde,2019,549936
CPV,Cabo Verde,2020,555988
CPV,Cabo Verde,2021,561901
CPV,Cabo Verde,2010,492644
CPV,Cabo Verde,2011,498858
CPV,Cabo Verde,2012,505241
CPV,Cabo Verde,2013,511740
CPV,Cabo Verde,2014,518276
CPV,Cabo Verde,2015,524740
CPV,Cabo Verde,2016,531140
CRI,Costa Rica,2017,4949955
CRI,Costa Rica,2018,4999443
CRI,Costa Rica,2019,5047561
CRI,Costa Rica,2020,5094114
CRI,Costa Rica,2021,5139053
CRI,Costa Rica,2010,4577371
CRI,Costa Rica,2011,4633086
CRI,Costa Rica,2012,4688003
CRI,Costa Rica,2013,4742111
CRI,Costa Rica,2014,4795390
CRI,Costa Rica,2015,4847805
CRI,Costa Rica,2016,4899336
CSS,Caribbean small states,2017,7314956
CSS,Caribbean small states,2018,7358929
CSS,Caribbean small states,2019,7401389
CSS,Caribbean small states,2020,7442291
CSS,Caribbean small states,2021,7481631
CSS,Caribbean small states,2010,6973193
CSS,Caribbean small states,2011,7022367
CSS,Caribbean small states,2012,7072640
CSS,Caribbean small states,2013,7123315
CSS,Caribbean small states,2014,7173443
CSS,Caribbean small states,2015,7222197
CSS,Caribbean small states,2016,7269385
CUB,Cuba,2017,11339255
CUB,Cuba,2018,11338146
CUB,Cuba,2019,11333484
CUB,Cuba,2020,11326616
CUB,Cuba,2021,11317498
CUB,Cuba,2010,11225833
CUB,Cuba,2011,11236671
CUB,Cuba,2012,11257112
CUB,Cuba,2013,11282722
CUB,Cuba,2014,11306909
CUB,Cuba,2015,11324777
CUB,Cuba,2016,11335108
CUW,Curacao,2017,160175
CUW,Curacao,2018,159336
CUW,Curacao,2019,157441
CUW,Curacao,2020,154947
CUW,Curacao,2021,152369
CUW,Curacao,2010,148703
CUW,Curacao,2011,150831
CUW,Curacao,2012,152088
CUW,Curacao,2013,153822
CUW,Curacao,2014,155909
CUW,Curacao,2015,157980
CUW,Curacao,2016,159664
CYM,Cayman Islands,2017,63382
CYM,Cayman Islands,2018,64172
CYM,Cayman Islands,2019,64948
CYM,Cayman Islands,2020,65720
CYM,Cayman Islands,2021,66498
CYM,Cayman Islands,2010,56672
CYM,Cayman Islands,2011,57877
CYM,Cayman Islands,2012,58963
CYM,Cayman Islands,2013,59933
CYM,Cayman Islands,2014,60848
CYM,Cayman Islands,2015,61721
CYM,Cayman Islands,2016,62564
CYP,Cyprus,2017,1179685
CYP,Cyprus,2018,1189262
CYP,Cyprus,2019,1198574
CYP,Cyprus,2020,1207361
CYP,Cyprus,2021,1215588
CYP,Cyprus,2010,1112617
CYP,Cyprus,2011,1124837
CYP,Cyprus,2012,1135046
CYP,Cyprus,2013,1143866
CYP,Cyprus,2014,1152297
CYP,Cyprus,2015,1160987
CYP,Cyprus,2016,1170189
CZE,Czechia,2017,10594438
CZE,Czechia,2018,10629928
CZE,Czechia,2019,10671870
CZE,Czechia,2020,10697858
CZE,Czechia,2021,10703446
CZE,Czechia,2010,10474410
CZE,Czechia,2011,10496088
CZE,Czechia,2012,10510785
CZE,Czechia,2013,10514272
CZE,Czechia,2014,10525347
CZE,Czechia,2015,10546059
CZE,Czechia,2016,10566332
DEU,Germany,2017,82657002
DEU,Germany,2018,82905782
DEU,Germany,2019,83092962
DEU,Germany,2020,83160871
DEU,Germany,2021,83129285
DEU,Germany,2010,81776930
DEU,Germany,2011,80274983
DEU,Germany,2012,80425823
DEU,Germany,2013,80645605
DEU,Germany,2014,80982500
DEU,Germany,2015,81686611
DEU,Germany,2016,82348669
DJI,Djibouti,2017,944100
DJI,Djibouti,2018,958923
DJI,Djibouti,2019,973557
DJI,Djibouti,2020,988002
DJI,Djibouti,2021,1002197
DJI,Djibouti,2010,840194
DJI,Djibouti,2011,853671
DJI,Djibouti,2012,868136
DJI,Djibouti,2013,883296
DJI,Djibouti,2014,898707
DJI,Djibouti,2015,913998
DJI,Djibouti,2016,929117
DMA,Dominica,2017,71460
DMA,Dominica,2018,71626
DMA,Dominica,2019,71808
DMA,Dominica,2020,71991
DMA,Dominica,2021,72172
DMA,Dominica,2010,70877
DMA,Dominica,2011,70912
DMA,Dominica,2012,70954
DMA,Dominica,2013,71019
DMA,Dominica,2014,71091
DMA,Dominica,2015,71175
DMA,Dominica,2016,71307
DNK,Denmark,2017,5764980
DNK,Denmark,2018,5793636
DNK,Denmark,2019,5814422
DNK,Denmark,2020,5831404
DNK,Denmark,2021,5856733
DNK,Denmark,2010,5547683
DNK,Denmark,2011,5570572
DNK,Denmark,2012,5591572
DNK,Denmark,2013,5614932
DNK,Denmark,2014,5643475
DNK,Denmark,2015,5683483
DNK,Denmark,2016,5728010
DOM,Dominican Republic,2017,10513111
DOM,Dominican Republic,2018,10627147
DOM,Dominican Republic,2019,10738957
DOM,Dominican Republic,2020,10847904
DOM,Dominican Republic,2021,10953714
DOM,Dominican Republic,2010,9695117
DOM,Dominican Republic,2011,9813219
DOM,Dominican Republic,2012,9930916
DOM,Dominican Republic,2013,10048226
DOM,Dominican Republic,2014,10165182
DOM,Dominican Republic,2015,10281675
DOM,Dominican Republic,2016,10397738
DZA,Algeria,2017,41389174
DZA,Algeria,2018,42228415
DZA,Algeria,2019,43053054
DZA,Algeria,2020,43851043
DZA,Algeria,2021,44616626
DZA,Algeria,2010,35977451
DZA,Algeria,2011,36661438
DZA,Algeria,2012,37383899
DZA,Algeria,2013,38140135
DZA,Algeria,2014,38923688
DZA,Algeria,2015,39728020
DZA,Algeria,2016,40551398
EAP,East Asia & Pacific (excluding high income),2017,2077988679
EAP,East Asia & Pacific (excluding high income),2018,2091698238
EAP,East Asia & Pacific (excluding high income),2019,2103723076
EAP,East Asia & Pacific (excluding high income),2020,2114009483
EAP,East Asia & Pacific (excluding high income),2021,2122086315
EAP,East Asia & Pacific (excluding high income),2010,1965972280
EAP,East Asia & Pacific (excluding high income),2011,1980957952
EAP,East Asia & Pacific (excluding high income),2012,1997902548
EAP,East Asia & Pacific (excluding high income),2013,2014796921
EAP,East Asia & Pacific (excluding high income),2014,2031203532
EAP,East Asia & Pacific (excluding high income),2015,2046847689
EAP,East Asia & Pacific (excluding high income),2016,2062250022
EAR,Early-demographic dividend,2017,3206485623
EAR,Early-demographic dividend,2018,3248413593
EAR,Early-demographic dividend,2019,3290291029
EAR,Early-demographic dividend,2020,3332103561
EAR,Early-demographic dividend,2021,3373866849
EAR,Early-demographic dividend,2010,2907916947
EAR,Early-demographic dividend,2011,2951423688
EAR,Early-demographic dividend,2012,2994346938
EAR,Early-demographic dividend,2013,3037084158
EAR,Early-demographic dividend,2014,3079685581
EAR,Early-demographic dividend,2015,3122156833
EAR,Early-demographic dividend,2016,3164439749
EAS,East Asia & Pacific,2017,2324120551
EAS,East Asia & Pacific,2018,2338485387
EAS,East Asia & Pacific,2019,2351127942
EAS,East Asia & Pacific,2020,2361517682
EAS,East Asia & Pacific,2021,2368622859
EAS,East Asia & Pacific,2010,2206884622
EAS,East Asia & Pacific,2011,2222577723
EAS,East Asia & Pacific,2012,2240312711
EAS,East Asia & Pacific,2013,2257904491
EAS,East Asia & Pacific,2014,2275075985
EAS,East Asia & Pacific,2015,2291503725
EAS,East Asia & Pacific,2016,2307707227
ECA,Europe & Central Asia (excluding high income),2017,395257485
ECA,Europe & Central Asia (excluding high income),2018,397406103
ECA,Europe & Central Asia (excluding high income),2019,399386100
ECA,Europe & Central Asia (excluding high income),2020,400895993
ECA,Europe & Central Asia (excluding high income),2021,401828885
ECA,Europe & Central Asia (excluding high income),2010,377813291
ECA,Europe & Central Asia (excluding high income),2011,380138981
ECA,Europe & Central Asia (excluding high income),2012,382476923
ECA,Europe & Central Asia (excluding high income),2013,385050864
ECA,Europe & Central Asia (excluding high income),2014,387621858
ECA,Europe & Central Asia (excluding high income),2015,390258029
ECA,Europe & Central Asia (excluding high income),2016,392836210
ECS,Europe & Central Asia,2017,914608311
ECS,Europe & Central Asia,2018,918031055
ECS,Europe & Central Asia,2019,920807612
ECS,Europe & Central Asia,2020,922976036
ECS,Europe & Central Asia,2021,923753699
ECS,Europe & Central Asia,2010,887904313
ECS,Europe & Central Asia,2011,890136603
ECS,Europe & Central Asia,2012,893755804
ECS,Europe & Central Asia,2013,898022522
ECS,Europe & Central Asia,2014,902367876
ECS,Europe & Central Asia,2015,906669764
ECS,Europe & Central Asia,2016,910870489
ECU,Ecuador,2017,16785356
ECU,Ecuador,2018,17084359
ECU,Ecuador,2019,17373657
ECU,Ecuador,2020,17643060
ECU,Ecuador,2021,17888474
ECU,Ecuador,2010,15011114
ECU,Ecuador,2011,15243885
ECU,Ecuador,2012,15474099
ECU,Ecuador,2013,15707473
ECU,Ecuador,2014,15951832
ECU,Ecuador,2015,16212022
ECU,Ecuador,2016,16491116
 Arab Rep.,Egypt,2017,94447071
 Arab Rep.,Egypt,2018,96442590
 Arab Rep.,Egypt,2019,98423602
 Arab Rep.,Egypt,2020,100388076
 Arab Rep.,Egypt,2021,102334403
 Arab Rep.,Egypt,2010,81134789
 Arab Rep.,Egypt,2011,82761244
 Arab Rep.,Egypt,2012,84529251
 Arab Rep.,Egypt,2013,86422240
 Arab Rep.,Egypt,2014,88404652
 Arab Rep.,Egypt,2015,90424668
 Arab Rep.,Egypt,2016,92442549
EMU,Euro area,2017,341217243
EMU,Euro area,2018,341979171
EMU,Euro area,2019,342283354
EMU,Euro area,2020,342708355
EMU,Euro area,2021,342566541
EMU,Euro area,2010,336151482
EMU,Euro area,2011,335419656
EMU,Euro area,2012,336159199
EMU,Euro area,2013,337302111
EMU,Euro area,2014,338462234
EMU,Euro area,2015,339488382
EMU,Euro area,2016,340481755
ERI,Eritrea,2017,
ERI,Eritrea,2018,
ERI,Eritrea,2019,
ERI,Eritrea,2020,
ERI,Eritrea,2021,
ERI,Eritrea,2010,3170437
ERI,Eritrea,2011,3213969
ERI,Eritrea,2012,
ERI,Eritrea,2013,
ERI,Eritrea,2014,
ERI,Eritrea,2015,
ERI,Eritrea,2016,
ESP,Spain,2017,46593236
ESP,Spain,2018,46797754
ESP,Spain,2019,47134837
ESP,Spain,2020,47363419
ESP,Spain,2021,47326687
ESP,Spain,2010,46576897
ESP,Spain,2011,46742697
ESP,Spain,2012,46773055
ESP,Spain,2013,46620045
ESP,Spain,2014,46480882
ESP,Spain,2015,46444832
ESP,Spain,2016,46484062
EST,Estonia,2017,1317384
EST,Estonia,2018,1321977
EST,Estonia,2019,1326855
EST,Estonia,2020,1329479
EST,Estonia,2021,1329254
EST,Estonia,2010,1331475
EST,Estonia,2011,1327439
EST,Estonia,2012,1322696
EST,Estonia,2013,1317997
EST,Estonia,2014,1314545
EST,Estonia,2015,1315407
EST,Estonia,2016,1315790
ETH,Ethiopia,2017,106399926
ETH,Ethiopia,2018,109224410
ETH,Ethiopia,2019,112078727
ETH,Ethiopia,2020,114963583
ETH,Ethiopia,2021,117876226
ETH,Ethiopia,2010,87639962
ETH,Ethiopia,2011,90139928
ETH,Ethiopia,2012,92726982
ETH,Ethiopia,2013,95385793
ETH,Ethiopia,2014,98094264
ETH,Ethiopia,2015,100835453
ETH,Ethiopia,2016,103603461
EUU,European Union,2017,446186344
EUU,European Union,2018,446915113
EUU,European Union,2019,447197811
EUU,European Union,2020,447479493
EUU,European Union,2021,446946712
EUU,European Union,2010,441532415
EUU,European Union,2011,440746989
EUU,European Union,2012,441395937
EUU,European Union,2013,442469469
EUU,European Union,2014,443576675
EUU,European Union,2015,444543761
EUU,European Union,2016,445487730
FCS,Fragile and conflict affected situations,2017,900872423
FCS,Fragile and conflict affected situations,2018,920103533
FCS,Fragile and conflict affected situations,2019,940026046
FCS,Fragile and conflict affected situations,2020,960960554
FCS,Fragile and conflict affected situations,2021,982980816
FCS,Fragile and conflict affected situations,2010,769284359
FCS,Fragile and conflict affected situations,2011,787410667
FCS,Fragile and conflict affected situations,2012,806049519
FCS,Fragile and conflict affected situations,2013,825010695
FCS,Fragile and conflict affected situations,2014,843965097
FCS,Fragile and conflict affected situations,2015,863004250
FCS,Fragile and conflict affected situations,2016,881938038
FIN,Finland,2017,5508214
FIN,Finland,2018,5515525
FIN,Finland,2019,5521606
FIN,Finland,2020,5529543
FIN,Finland,2021,5541696
FIN,Finland,2010,5363352
FIN,Finland,2011,5388272
FIN,Finland,2012,5413971
FIN,Finland,2013,5438972
FIN,Finland,2014,5461512
FIN,Finland,2015,5479531
FIN,Finland,2016,5495303
FJI,Fiji,2017,877460
FJI,Fiji,2018,883490
FJI,Fiji,2019,889955
FJI,Fiji,2020,896444
FJI,Fiji,2021,902899
FJI,Fiji,2010,859816
FJI,Fiji,2011,863451
FJI,Fiji,2012,865065
FJI,Fiji,2013,865602
FJI,Fiji,2014,866447
FJI,Fiji,2015,868632
FJI,Fiji,2016,872406
FRA,France,2017,66918020
FRA,France,2018,67101930
FRA,France,2019,67248926
FRA,France,2020,67379908
FRA,France,2021,67499343
FRA,France,2010,65027505
FRA,France,2011,65342789
FRA,France,2012,65659814
FRA,France,2013,65998685
FRA,France,2014,66312067
FRA,France,2015,66548272
FRA,France,2016,66724104
FRO,Faroe Islands,2017,48326
FRO,Faroe Islands,2018,48497
FRO,Faroe Islands,2019,48677
FRO,Faroe Islands,2020,48865
FRO,Faroe Islands,2021,49053
FRO,Faroe Islands,2010,47803
FRO,Faroe Islands,2011,47815
FRO,Faroe Islands,2012,47843
FRO,Faroe Islands,2013,47901
FRO,Faroe Islands,2014,47965
FRO,Faroe Islands,2015,48055
FRO,Faroe Islands,2016,48173
 Fed. Sts.,Micronesia,2017,110215
 Fed. Sts.,Micronesia,2018,111461
 Fed. Sts.,Micronesia,2019,112640
 Fed. Sts.,Micronesia,2020,113811
 Fed. Sts.,Micronesia,2021,115021
 Fed. Sts.,Micronesia,2010,102971
 Fed. Sts.,Micronesia,2011,102916
 Fed. Sts.,Micronesia,2012,103448
 Fed. Sts.,Micronesia,2013,104506
 Fed. Sts.,Micronesia,2014,105922
 Fed. Sts.,Micronesia,2015,107444
 Fed. Sts.,Micronesia,2016,108886
GAB,Gabon,2017,2064812
GAB,Gabon,2018,2119275
GAB,Gabon,2019,2172578
GAB,Gabon,2020,2225728
GAB,Gabon,2021,2278829
GAB,Gabon,2010,1624146
GAB,Gabon,2011,1684629
GAB,Gabon,2012,1749677
GAB,Gabon,2013,1817070
GAB,Gabon,2014,1883801
GAB,Gabon,2015,1947690
GAB,Gabon,2016,2007882
GBR,United Kingdom,2017,66058859
GBR,United Kingdom,2018,66460344
GBR,United Kingdom,2019,66836327
GBR,United Kingdom,2020,67081000
GBR,United Kingdom,2021,67326569
GBR,United Kingdom,2010,62766365
GBR,United Kingdom,2011,63258810
GBR,United Kingdom,2012,63700215
GBR,United Kingdom,2013,64128273
GBR,United Kingdom,2014,64602298
GBR,United Kingdom,2015,65116219
GBR,United Kingdom,2016,65611593
GEO,Georgia,2017,3728004
GEO,Georgia,2018,3726549
GEO,Georgia,2019,3720161
GEO,Georgia,2020,3722716
GEO,Georgia,2021,3708610
GEO,Georgia,2010,3786695
GEO,Georgia,2011,3756441
GEO,Georgia,2012,3728874
GEO,Georgia,2013,3717668
GEO,Georgia,2014,3719414
GEO,Georgia,2015,3725276
GEO,Georgia,2016,3727505
GHA,Ghana,2017,29121464
GHA,Ghana,2018,29767108
GHA,Ghana,2019,30417858
GHA,Ghana,2020,31072945
GHA,Ghana,2021,31732128
GHA,Ghana,2010,24779614
GHA,Ghana,2011,25387713
GHA,Ghana,2012,25996454
GHA,Ghana,2013,26607641
GHA,Ghana,2014,27224480
GHA,Ghana,2015,27849203
GHA,Ghana,2016,28481947
GIB,Gibraltar,2017,33723
GIB,Gibraltar,2018,33715
GIB,Gibraltar,2019,33706
GIB,Gibraltar,2020,33691
GIB,Gibraltar,2021,33691
GIB,Gibraltar,2010,33585
GIB,Gibraltar,2011,33608
GIB,Gibraltar,2012,33653
GIB,Gibraltar,2013,33694
GIB,Gibraltar,2014,33726
GIB,Gibraltar,2015,33742
GIB,Gibraltar,2016,33738
GIN,Guinea,2017,12067516
GIN,Guinea,2018,12414292
GIN,Guinea,2019,12771246
GIN,Guinea,2020,13132792
GIN,Guinea,2021,13497237
GIN,Guinea,2010,10192168
GIN,Guinea,2011,10420459
GIN,Guinea,2012,10652032
GIN,Guinea,2013,10892821
GIN,Guinea,2014,11150970
GIN,Guinea,2015,11432096
GIN,Guinea,2016,11738434
 The,Gambia,2017,2149134
 The,Gambia,2018,2213900
 The,Gambia,2019,2280092
 The,Gambia,2020,2347696
 The,Gambia,2021,2416664
 The,Gambia,2010,1740277
 The,Gambia,2011,1793199
 The,Gambia,2012,1848142
 The,Gambia,2013,1905020
 The,Gambia,2014,1963708
 The,Gambia,2015,2024037
 The,Gambia,2016,2085860
GNB,Guinea-Bissau,2017,1828146
GNB,Guinea-Bissau,2018,1874304
GNB,Guinea-Bissau,2019,1920917
GNB,Guinea-Bissau,2020,1967998
GNB,Guinea-Bissau,2021,2015490
GNB,Guinea-Bissau,2010,1522603
GNB,Guinea-Bissau,2011,1562996
GNB,Guinea-Bissau,2012,1604981
GNB,Guinea-Bissau,2013,1648259
GNB,Guinea-Bissau,2014,1692433
GNB,Guinea-Bissau,2015,1737207
GNB,Guinea-Bissau,2016,1782434
GNQ,Equatorial Guinea,2017,1262008
GNQ,Equatorial Guinea,2018,1308966
GNQ,Equatorial Guinea,2019,1355982
GNQ,Equatorial Guinea,2020,1402985
GNQ,Equatorial Guinea,2021,1449891
GNQ,Equatorial Guinea,2010,943640
GNQ,Equatorial Guinea,2011,986861
GNQ,Equatorial Guinea,2012,1031191
GNQ,Equatorial Guinea,2013,1076412
GNQ,Equatorial Guinea,2014,1122273
GNQ,Equatorial Guinea,2015,1168575
GNQ,Equatorial Guinea,2016,1215181
GRC,Greece,2017,10754679
GRC,Greece,2018,10732882
GRC,Greece,2019,10721582
GRC,Greece,2020,10700556
GRC,Greece,2021,10664568
GRC,Greece,2010,11121341
GRC,Greece,2011,11104899
GRC,Greece,2012,11045011
GRC,Greece,2013,10965211
GRC,Greece,2014,10892413
GRC,Greece,2015,10820883
GRC,Greece,2016,10775971
GRD,Grenada,2017,110874
GRD,Grenada,2018,111449
GRD,Grenada,2019,112002
GRD,Grenada,2020,112519
GRD,Grenada,2021,113015
GRD,Grenada,2010,106227
GRD,Grenada,2011,106786
GRD,Grenada,2012,107452
GRD,Grenada,2013,108172
GRD,Grenada,2014,108900
GRD,Grenada,2015,109603
GRD,Grenada,2016,110263
GRL,Greenland,2017,56171
GRL,Greenland,2018,56023
GRL,Greenland,2019,56225
GRL,Greenland,2020,56367
GRL,Greenland,2021,56653
GRL,Greenland,2010,56905
GRL,Greenland,2011,56890
GRL,Greenland,2012,56810
GRL,Greenland,2013,56483
GRL,Greenland,2014,56295
GRL,Greenland,2015,56114
GRL,Greenland,2016,56186
GTM,Guatemala,2017,16087418
GTM,Guatemala,2018,16346950
GTM,Guatemala,2019,16604026
GTM,Guatemala,2020,16858333
GTM,Guatemala,2021,17109746
GTM,Guatemala,2010,14259687
GTM,Guatemala,2011,14521515
GTM,Guatemala,2012,14781942
GTM,Guatemala,2013,15043981
GTM,Guatemala,2014,15306316
GTM,Guatemala,2015,15567419
GTM,Guatemala,2016,15827690
GUM,Guam,2017,164281
GUM,Guam,2018,165770
GUM,Guam,2019,167295
GUM,Guam,2020,168783
GUM,Guam,2021,170184
GUM,Guam,2010,159439
GUM,Guam,2011,159690
GUM,Guam,2012,159990
GUM,Guam,2013,160415
GUM,Guam,2014,161007
GUM,Guam,2015,161851
GUM,Guam,2016,162948
GUY,Guyana,2017,775218
GUY,Guyana,2018,779007
GUY,Guyana,2019,782775
GUY,Guyana,2020,786559
GUY,Guyana,2021,790329
GUY,Guyana,2010,749430
GUY,Guyana,2011,752029
GUY,Guyana,2012,755388
GUY,Guyana,2013,759281
GUY,Guyana,2014,763371
GUY,Guyana,2015,767433
GUY,Guyana,2016,771363
HIC,High income,2017,1224138952
HIC,High income,2018,1229836619
HIC,High income,2019,1234830048
HIC,High income,2020,1240684527
HIC,High income,2021,1241374277
HIC,High income,2010,1178066137
HIC,High income,2011,1183478609
HIC,High income,2012,1190276979
HIC,High income,2013,1197153389
HIC,High income,2014,1204216436
HIC,High income,2015,1211083838
HIC,High income,2016,1217994923
 China,Hong Kong SAR,2017,7336600
 China,Hong Kong SAR,2018,7393200
 China,Hong Kong SAR,2019,7452600
 China,Hong Kong SAR,2020,7507900
 China,Hong Kong SAR,2021,7481000
 China,Hong Kong SAR,2010,6972800
 China,Hong Kong SAR,2011,7024200
 China,Hong Kong SAR,2012,7071600
 China,Hong Kong SAR,2013,7150100
 China,Hong Kong SAR,2014,7178900
 China,Hong Kong SAR,2015,7229500
 China,Hong Kong SAR,2016,7291300
HND,Honduras,2017,9429016
HND,Honduras,2018,9587523
HND,Honduras,2019,9746115
HND,Honduras,2020,9904608
HND,Honduras,2021,10062994
HND,Honduras,2010,8317467
HND,Honduras,2011,8480670
HND,Honduras,2012,8640692
HND,Honduras,2013,8798524
HND,Honduras,2014,8955579
HND,Honduras,2015,9112904
HND,Honduras,2016,9270794
HPC,Heavily indebted poor countries (HIPC),2017,759106118
HPC,Heavily indebted poor countries (HIPC),2018,780234453
HPC,Heavily indebted poor countries (HIPC),2019,801708019
HPC,Heavily indebted poor countries (HIPC),2020,823480038
HPC,Heavily indebted poor countries (HIPC),2021,845522272
HPC,Heavily indebted poor countries (HIPC),2010,624219296
HPC,Heavily indebted poor countries (HIPC),2011,641921373
HPC,Heavily indebted poor countries (HIPC),2012,660193919
HPC,Heavily indebted poor countries (HIPC),2013,679013004
HPC,Heavily indebted poor countries (HIPC),2014,698336663
HPC,Heavily indebted poor countries (HIPC),2015,718128408
HPC,Heavily indebted poor countries (HIPC),2016,738387077
HRV,Croatia,2017,4124531
HRV,Croatia,2018,4087843
HRV,Croatia,2019,4065253
HRV,Croatia,2020,4047680
HRV,Croatia,2021,3899000
HRV,Croatia,2010,4295427
HRV,Croatia,2011,4280622
HRV,Croatia,2012,4267558
HRV,Croatia,2013,4255689
HRV,Croatia,2014,4238389
HRV,Croatia,2015,4203604
HRV,Croatia,2016,4174349
HTI,Haiti,2017,10982367
HTI,Haiti,2018,11123183
HTI,Haiti,2019,11263079
HTI,Haiti,2020,11402533
HTI,Haiti,2021,11541683
HTI,Haiti,2010,9949318
HTI,Haiti,2011,10100320
HTI,Haiti,2012,10250922
HTI,Haiti,2013,10400672
HTI,Haiti,2014,10549007
HTI,Haiti,2015,10695540
HTI,Haiti,2016,10839976
HUN,Hungary,2017,9787966
HUN,Hungary,2018,9775564
HUN,Hungary,2019,9771141
HUN,Hungary,2020,9750149
HUN,Hungary,2021,9709886
HUN,Hungary,2010,10000023
HUN,Hungary,2011,9971727
HUN,Hungary,2012,9920362
HUN,Hungary,2013,9893082
HUN,Hungary,2014,9866468
HUN,Hungary,2015,9843028
HUN,Hungary,2016,9814023
IBD,IBRD only,2017,4746018766
IBD,IBRD only,2018,4787343661
IBD,IBRD only,2019,4826259460
IBD,IBRD only,2020,4862446431
IBD,IBRD only,2021,4895295243
IBD,IBRD only,2010,4427039470
IBD,IBRD only,2011,4471931983
IBD,IBRD only,2012,4518944265
IBD,IBRD only,2013,4566062769
IBD,IBRD only,2014,4612371789
IBD,IBRD only,2015,4657516187
IBD,IBRD only,2016,4701907494
IBT,IDA & IBRD total,2017,6343292514
IBT,IDA & IBRD total,2018,6420905201
IBT,IDA & IBRD total,2019,6496952025
IBT,IDA & IBRD total,2020,6571053159
IBT,IDA & IBRD total,2021,6642614110
IBT,IDA & IBRD total,2010,5792386087
IBT,IDA & IBRD total,2011,5868805803
IBT,IDA & IBRD total,2012,5947406419
IBT,IDA & IBRD total,2013,6026674017
IBT,IDA & IBRD total,2014,6105863361
IBT,IDA & IBRD total,2015,6184735051
IBT,IDA & IBRD total,2016,6263736146
IDA,IDA total,2017,1597273748
IDA,IDA total,2018,1633561540
IDA,IDA total,2019,1670692565
IDA,IDA total,2020,1708606728
IDA,IDA total,2021,1747318867
IDA,IDA total,2010,1365346617
IDA,IDA total,2011,1396873820
IDA,IDA total,2012,1428462154
IDA,IDA total,2013,1460611248
IDA,IDA total,2014,1493491572
IDA,IDA total,2015,1527218864
IDA,IDA total,2016,1561828652
IDB,IDA blend,2017,536871945
IDB,IDA blend,2018,549127807
IDB,IDA blend,2019,561571929
IDB,IDA blend,2020,574159138
IDB,IDA blend,2021,586883422
IDB,IDA blend,2010,456049577
IDB,IDA blend,2011,467267685
IDB,IDA blend,2012,478335316
IDB,IDA blend,2013,489624577
IDB,IDA blend,2014,501146189
IDB,IDA blend,2015,512877239
IDB,IDA blend,2016,524794580
IDN,Indonesia,2017,264650969
IDN,Indonesia,2018,267670549
IDN,Indonesia,2019,270625567
IDN,Indonesia,2020,273523621
IDN,Indonesia,2021,276361788
IDN,Indonesia,2010,241834226
IDN,Indonesia,2011,245115988
IDN,Indonesia,2012,248451714
IDN,Indonesia,2013,251805314
IDN,Indonesia,2014,255128076
IDN,Indonesia,2015,258383257
IDN,Indonesia,2016,261556386
IDX,IDA only,2017,1060401803
IDX,IDA only,2018,1084433733
IDX,IDA only,2019,1109120636
IDX,IDA only,2020,1134447590
IDX,IDA only,2021,1160435445
IDX,IDA only,2010,909297040
IDX,IDA only,2011,929606135
IDX,IDA only,2012,950126838
IDX,IDA only,2013,970986671
IDX,IDA only,2014,992345383
IDX,IDA only,2015,1014341625
IDX,IDA only,2016,1037034072
IMN,Isle of Man,2017,83610
IMN,Isle of Man,2018,84073
IMN,Isle of Man,2019,84589
IMN,Isle of Man,2020,85032
IMN,Isle of Man,2021,85410
IMN,Isle of Man,2010,84856
IMN,Isle of Man,2011,84889
IMN,Isle of Man,2012,84534
IMN,Isle of Man,2013,83985
IMN,Isle of Man,2014,83488
IMN,Isle of Man,2015,83232
IMN,Isle of Man,2016,83296
IND,India,2017,1338676779
IND,India,2018,1352642283
IND,India,2019,1366417756
IND,India,2020,1380004385
IND,India,2021,1393409033
IND,India,2010,1234281163
IND,India,2011,1250287939
IND,India,2012,1265780243
IND,India,2013,1280842119
IND,India,2014,1295600768
IND,India,2015,1310152392
IND,India,2016,1324517250
INX,Not classified,2017,
INX,Not classified,2018,
INX,Not classified,2019,
INX,Not classified,2020,
INX,Not classified,2021,
INX,Not classified,2010,
INX,Not classified,2011,
INX,Not classified,2012,
INX,Not classified,2013,
INX,Not classified,2014,
INX,Not classified,2015,
INX,Not classified,2016,
IRL,Ireland,2017,4807388
IRL,Ireland,2018,4867316
IRL,Ireland,2019,4934340
IRL,Ireland,2020,4985674
IRL,Ireland,2021,5028230
IRL,Ireland,2010,4560155
IRL,Ireland,2011,4580084
IRL,Ireland,2012,4599533
IRL,Ireland,2013,4623816
IRL,Ireland,2014,4657740
IRL,Ireland,2015,4701957
IRL,Ireland,2016,4755335
 Islamic Rep.,Iran,2017,79563991
 Islamic Rep.,Iran,2018,80673888
 Islamic Rep.,Iran,2019,81800204
 Islamic Rep.,Iran,2020,82913893
 Islamic Rep.,Iran,2021,83992953
 Islamic Rep.,Iran,2010,72924833
 Islamic Rep.,Iran,2011,73762519
 Islamic Rep.,Iran,2012,74634959
 Islamic Rep.,Iran,2013,75539881
 Islamic Rep.,Iran,2014,76481963
 Islamic Rep.,Iran,2015,77465769
 Islamic Rep.,Iran,2016,78492208
IRQ,Iraq,2017,37552789
IRQ,Iraq,2018,38433604
IRQ,Iraq,2019,39309789
IRQ,Iraq,2020,40222503
IRQ,Iraq,2021,41179351
IRQ,Iraq,2010,29741977
IRQ,Iraq,2011,30725305
IRQ,Iraq,2012,31890012
IRQ,Iraq,2013,33157061
IRQ,Iraq,2014,34411949
IRQ,Iraq,2015,35572269
IRQ,Iraq,2016,36610632
ISL,Iceland,2017,343400
ISL,Iceland,2018,352721
ISL,Iceland,2019,360563
ISL,Iceland,2020,366463
ISL,Iceland,2021,372295
ISL,Iceland,2010,318041
ISL,Iceland,2011,319014
ISL,Iceland,2012,320716
ISL,Iceland,2013,323764
ISL,Iceland,2014,327386
ISL,Iceland,2015,330815
ISL,Iceland,2016,335439
ISR,Israel,2017,8713300
ISR,Israel,2018,8882800
ISR,Israel,2019,9054000
ISR,Israel,2020,9215100
ISR,Israel,2021,9364000
ISR,Israel,2010,7623600
ISR,Israel,2011,7765800
ISR,Israel,2012,7910500
ISR,Israel,2013,8059500
ISR,Israel,2014,8215700
ISR,Israel,2015,8380100
ISR,Israel,2016,8546000
ITA,Italy,2017,60536709
ITA,Italy,2018,60421760
ITA,Italy,2019,59729081
ITA,Italy,2020,59449527
ITA,Italy,2021,59066225
ITA,Italy,2010,59277417
ITA,Italy,2011,59379449
ITA,Italy,2012,59539717
ITA,Italy,2013,60233948
ITA,Italy,2014,60789140
ITA,Italy,2015,60730582
ITA,Italy,2016,60627498
JAM,Jamaica,2017,2920848
JAM,Jamaica,2018,2934853
JAM,Jamaica,2019,2948277
JAM,Jamaica,2020,2961161
JAM,Jamaica,2021,2973462
JAM,Jamaica,2010,2810464
JAM,Jamaica,2011,2825932
JAM,Jamaica,2012,2842128
JAM,Jamaica,2013,2858710
JAM,Jamaica,2014,2875137
JAM,Jamaica,2015,2891024
JAM,Jamaica,2016,2906242
JOR,Jordan,2017,9785840
JOR,Jordan,2018,9965322
JOR,Jordan,2019,10101697
JOR,Jordan,2020,10203140
JOR,Jordan,2021,10269022
JOR,Jordan,2010,7261541
JOR,Jordan,2011,7662858
JOR,Jordan,2012,8089963
JOR,Jordan,2013,8518992
JOR,Jordan,2014,8918822
JOR,Jordan,2015,9266573
JOR,Jordan,2016,9554286
JPN,Japan,2017,126972000
JPN,Japan,2018,126811000
JPN,Japan,2019,126633000
JPN,Japan,2020,126261000
JPN,Japan,2021,125681593
JPN,Japan,2010,128070000
JPN,Japan,2011,127833000
JPN,Japan,2012,127629000
JPN,Japan,2013,127445000
JPN,Japan,2014,127276000
JPN,Japan,2015,127141000
JPN,Japan,2016,127076000
KAZ,Kazakhstan,2017,18037776
KAZ,Kazakhstan,2018,18276452
KAZ,Kazakhstan,2019,18513673
KAZ,Kazakhstan,2020,18755666
KAZ,Kazakhstan,2021,19002586
KAZ,Kazakhstan,2010,16321872
KAZ,Kazakhstan,2011,16557202
KAZ,Kazakhstan,2012,16792090
KAZ,Kazakhstan,2013,17035551
KAZ,Kazakhstan,2014,17288285
KAZ,Kazakhstan,2015,17542806
KAZ,Kazakhstan,2016,17794055
KEN,Kenya,2017,50221146
KEN,Kenya,2018,51392570
KEN,Kenya,2019,52573967
KEN,Kenya,2020,53771300
KEN,Kenya,2021,54985702
KEN,Kenya,2010,42030684
KEN,Kenya,2011,43178270
KEN,Kenya,2012,44343469
KEN,Kenya,2013,45519986
KEN,Kenya,2014,46700063
KEN,Kenya,2015,47878339
KEN,Kenya,2016,49051531
KGZ,Kyrgyz Republic,2017,6198200
KGZ,Kyrgyz Republic,2018,6322800
KGZ,Kyrgyz Republic,2019,6456200
KGZ,Kyrgyz Republic,2020,6579900
KGZ,Kyrgyz Republic,2021,6694200
KGZ,Kyrgyz Republic,2010,5447900
KGZ,Kyrgyz Republic,2011,5514600
KGZ,Kyrgyz Republic,2012,5607200
KGZ,Kyrgyz Republic,2013,5719600
KGZ,Kyrgyz Republic,2014,5835500
KGZ,Kyrgyz Republic,2015,5956900
KGZ,Kyrgyz Republic,2016,6079500
KHM,Cambodia,2017,16009413
KHM,Cambodia,2018,16249795
KHM,Cambodia,2019,16486542
KHM,Cambodia,2020,16718971
KHM,Cambodia,2021,16946446
KHM,Cambodia,2010,14312205
KHM,Cambodia,2011,14541421
KHM,Cambodia,2012,14780454
KHM,Cambodia,2013,15026330
KHM,Cambodia,2014,15274506
KHM,Cambodia,2015,15521435
KHM,Cambodia,2016,15766290
KIR,Kiribati,2017,114153
KIR,Kiribati,2018,115842
KIR,Kiribati,2019,117608
KIR,Kiribati,2020,119446
KIR,Kiribati,2021,121388
KIR,Kiribati,2010,102930
KIR,Kiribati,2011,104735
KIR,Kiribati,2012,106359
KIR,Kiribati,2013,107887
KIR,Kiribati,2014,109387
KIR,Kiribati,2015,110927
KIR,Kiribati,2016,112529
KNA,St. Kitts and Nevis,2017,52036
KNA,St. Kitts and Nevis,2018,52438
KNA,St. Kitts and Nevis,2019,52834
KNA,St. Kitts and Nevis,2020,53192
KNA,St. Kitts and Nevis,2021,53546
KNA,St. Kitts and Nevis,2010,49011
KNA,St. Kitts and Nevis,2011,49442
KNA,St. Kitts and Nevis,2012,49881
KNA,St. Kitts and Nevis,2013,50328
KNA,St. Kitts and Nevis,2014,50776
KNA,St. Kitts and Nevis,2015,51204
KNA,St. Kitts and Nevis,2016,51629
 Rep.,Korea,2017,51217803
 Rep.,Korea,2018,51361911
 Rep.,Korea,2019,51585058
 Rep.,Korea,2020,51764822
 Rep.,Korea,2021,51836239
 Rep.,Korea,2010,49307835
 Rep.,Korea,2011,49554112
 Rep.,Korea,2012,49936638
 Rep.,Korea,2013,50199853
 Rep.,Korea,2014,50428893
 Rep.,Korea,2015,50746659
 Rep.,Korea,2016,51014947
KWT,Kuwait,2017,4056102
KWT,Kuwait,2018,4137314
KWT,Kuwait,2019,4207077
KWT,Kuwait,2020,4270563
KWT,Kuwait,2021,4328553
KWT,Kuwait,2010,2991884
KWT,Kuwait,2011,3168054
KWT,Kuwait,2012,3348852
KWT,Kuwait,2013,3526382
KWT,Kuwait,2014,3690939
KWT,Kuwait,2015,3835588
KWT,Kuwait,2016,3956862
LAC,Latin America & Caribbean (excluding high income),2017,573044918
LAC,Latin America & Caribbean (excluding high income),2018,579255220
LAC,Latin America & Caribbean (excluding high income),2019,585257302
LAC,Latin America & Caribbean (excluding high income),2020,590928198
LAC,Latin America & Caribbean (excluding high income),2021,596217644
LAC,Latin America & Caribbean (excluding high income),2010,531056827
LAC,Latin America & Caribbean (excluding high income),2011,536993385
LAC,Latin America & Caribbean (excluding high income),2012,542860814
LAC,Latin America & Caribbean (excluding high income),2013,548716683
LAC,Latin America & Caribbean (excluding high income),2014,554632891
LAC,Latin America & Caribbean (excluding high income),2015,560649920
LAC,Latin America & Caribbean (excluding high income),2016,566801404
LAO,Lao PDR,2017,6953031
LAO,Lao PDR,2018,7061498
LAO,Lao PDR,2019,7169456
LAO,Lao PDR,2020,7275556
LAO,Lao PDR,2021,7379358
LAO,Lao PDR,2010,6249168
LAO,Lao PDR,2011,6347564
LAO,Lao PDR,2012,6444527
LAO,Lao PDR,2013,6541302
LAO,Lao PDR,2014,6639763
LAO,Lao PDR,2015,6741160
LAO,Lao PDR,2016,6845848
LBN,Lebanon,2017,6819373
LBN,Lebanon,2018,6859408
LBN,Lebanon,2019,6855709
LBN,Lebanon,2020,6825442
LBN,Lebanon,2021,6769151
LBN,Lebanon,2010,4953064
LBN,Lebanon,2011,5202022
LBN,Lebanon,2012,5537620
LBN,Lebanon,2013,5913016
LBN,Lebanon,2014,6261046
LBN,Lebanon,2015,6532681
LBN,Lebanon,2016,6714281
LBR,Liberia,2017,4702224
LBR,Liberia,2018,4818976
LBR,Liberia,2019,4937374
LBR,Liberia,2020,5057677
LBR,Liberia,2021,5180208
LBR,Liberia,2010,3891357
LBR,Liberia,2011,4017446
LBR,Liberia,2012,4135662
LBR,Liberia,2013,4248337
LBR,Liberia,2014,4359508
LBR,Liberia,2015,4472229
LBR,Liberia,2016,4586788
LBY,Libya,2017,6580723
LBY,Libya,2018,6678565
LBY,Libya,2019,6777453
LBY,Libya,2020,6871287
LBY,Libya,2021,6958538
LBY,Libya,2010,6197667
LBY,Libya,2011,6247438
LBY,Libya,2012,6285751
LBY,Libya,2013,6320350
LBY,Libya,2014,6362039
LBY,Libya,2015,6418315
LBY,Libya,2016,6492160
LCA,St. Lucia,2017,180955
LCA,St. Lucia,2018,181890
LCA,St. Lucia,2019,182795
LCA,St. Lucia,2020,183629
LCA,St. Lucia,2021,184401
LCA,St. Lucia,2010,174092
LCA,St. Lucia,2011,175538
LCA,St. Lucia,2012,176654
LCA,St. Lucia,2013,177505
LCA,St. Lucia,2014,178307
LCA,St. Lucia,2015,179131
LCA,St. Lucia,2016,180028
LCN,Latin America & Caribbean,2017,634566052
LCN,Latin America & Caribbean,2018,640483827
LCN,Latin America & Caribbean,2019,646431661
LCN,Latin America & Caribbean,2020,652365260
LCN,Latin America & Caribbean,2021,658089208
LCN,Latin America & Caribbean,2010,589932530
LCN,Latin America & Caribbean,2011,596538052
LCN,Latin America & Caribbean,2012,603094656
LCN,Latin America & Caribbean,2013,609595811
LCN,Latin America & Caribbean,2014,615999056
LCN,Latin America & Caribbean,2015,622301041
LCN,Latin America & Caribbean,2016,628493594
LDC,Least developed countries: UN classification,2017,986099903
LDC,Least developed countries: UN classification,2018,1009398577
LDC,Least developed countries: UN classification,2019,1033088986
LDC,Least developed countries: UN classification,2020,1057131013
LDC,Least developed countries: UN classification,2021,1081504804
LDC,Least developed countries: UN classification,2010,836378625
LDC,Least developed countries: UN classification,2011,856228779
LDC,Least developed countries: UN classification,2012,876617729
LDC,Least developed countries: UN classification,2013,897536802
LDC,Least developed countries: UN classification,2014,918959067
LDC,Least developed countries: UN classification,2015,940860189
LDC,Least developed countries: UN classification,2016,963241392
LIC,Low income,2017,631818732
LIC,Low income,2018,648498946
LIC,Low income,2019,665731857
LIC,Low income,2020,683532991
LIC,Low income,2021,701926973
LIC,Low income,2010,527389304
LIC,Low income,2011,541490348
LIC,Low income,2012,555670836
LIC,Low income,2013,570043355
LIC,Low income,2014,584767206
LIC,Low income,2015,599964298
LIC,Low income,2016,615653729
LIE,Liechtenstein,2017,37805
LIE,Liechtenstein,2018,37918
LIE,Liechtenstein,2019,38020
LIE,Liechtenstein,2020,38137
LIE,Liechtenstein,2021,38254
LIE,Liechtenstein,2010,35996
LIE,Liechtenstein,2011,36299
LIE,Liechtenstein,2012,36615
LIE,Liechtenstein,2013,36940
LIE,Liechtenstein,2014,37219
LIE,Liechtenstein,2015,37465
LIE,Liechtenstein,2016,37655
LKA,Sri Lanka,2017,21444000
LKA,Sri Lanka,2018,21670000
LKA,Sri Lanka,2019,21803000
LKA,Sri Lanka,2020,21919000
LKA,Sri Lanka,2021,22156000
LKA,Sri Lanka,2010,20261738
LKA,Sri Lanka,2011,20398496
LKA,Sri Lanka,2012,20425000
LKA,Sri Lanka,2013,20585000
LKA,Sri Lanka,2014,20778000
LKA,Sri Lanka,2015,20970000
LKA,Sri Lanka,2016,21203000
LMC,Lower middle income,2017,3184107532
LMC,Lower middle income,2018,3229156489
LMC,Lower middle income,2019,3274021191
LMC,Lower middle income,2020,3318682068
LMC,Lower middle income,2021,3363196656
LMC,Lower middle income,2010,2869900017
LMC,Lower middle income,2011,2914508526
LMC,Lower middle income,2012,2958978379
LMC,Lower middle income,2013,3003828154
LMC,Lower middle income,2014,3048756862
LMC,Lower middle income,2015,3093861642
LMC,Lower middle income,2016,3139004988
LMY,Low & middle income,2017,6265829670
LMY,Low & middle income,2018,6343992496
LMY,Low & middle income,2019,6420460567
LMY,Low & middle income,2020,6494812232
LMY,Low & middle income,2021,6566551568
LMY,Low & middle income,2010,5715348512
LMY,Low & middle income,2011,5791393958
LMY,Low & middle income,2012,5869616742
LMY,Low & middle income,2013,5948565943
LMY,Low & middle income,2014,6027587134
LMY,Low & middle income,2015,6106513340
LMY,Low & middle income,2016,6185804647
LSO,Lesotho,2017,2091532
LSO,Lesotho,2018,2108327
LSO,Lesotho,2019,2125267
LSO,Lesotho,2020,2142252
LSO,Lesotho,2021,2159067
LSO,Lesotho,2010,1995575
LSO,Lesotho,2011,2003793
LSO,Lesotho,2012,2014988
LSO,Lesotho,2013,2028528
LSO,Lesotho,2014,2043448
LSO,Lesotho,2015,2059011
LSO,Lesotho,2016,2075041
LTE,Late-demographic dividend,2017,2285348589
LTE,Late-demographic dividend,2018,2297874675
LTE,Late-demographic dividend,2019,2308520840
LTE,Late-demographic dividend,2020,2316803603
LTE,Late-demographic dividend,2021,2322070390
LTE,Late-demographic dividend,2010,2180813069
LTE,Late-demographic dividend,2011,2194720542
LTE,Late-demographic dividend,2012,2210411890
LTE,Late-demographic dividend,2013,2226143139
LTE,Late-demographic dividend,2014,2241445370
LTE,Late-demographic dividend,2015,2256036257
LTE,Late-demographic dividend,2016,2270527108
LTU,Lithuania,2017,2828403
LTU,Lithuania,2018,2801543
LTU,Lithuania,2019,2794137
LTU,Lithuania,2020,2794885
LTU,Lithuania,2021,2795321
LTU,Lithuania,2010,3097282
LTU,Lithuania,2011,3028115
LTU,Lithuania,2012,2987773
LTU,Lithuania,2013,2957689
LTU,Lithuania,2014,2932367
LTU,Lithuania,2015,2904910
LTU,Lithuania,2016,2868231
LUX,Luxembourg,2017,596336
LUX,Luxembourg,2018,607950
LUX,Luxembourg,2019,620001
LUX,Luxembourg,2020,630419
LUX,Luxembourg,2021,639070
LUX,Luxembourg,2010,506953
LUX,Luxembourg,2011,518347
LUX,Luxembourg,2012,530946
LUX,Luxembourg,2013,543360
LUX,Luxembourg,2014,556319
LUX,Luxembourg,2015,569604
LUX,Luxembourg,2016,582014
LVA,Latvia,2017,1942248
LVA,Latvia,2018,1927174
LVA,Latvia,2019,1913822
LVA,Latvia,2020,1900449
LVA,Latvia,2021,1883162
LVA,Latvia,2010,2097555
LVA,Latvia,2011,2059709
LVA,Latvia,2012,2034319
LVA,Latvia,2013,2012647
LVA,Latvia,2014,1993782
LVA,Latvia,2015,1977527
LVA,Latvia,2016,1959537
 China,Macao SAR,2017,612824
 China,Macao SAR,2018,622578
 China,Macao SAR,2019,631633
 China,Macao SAR,2020,640446
 China,Macao SAR,2021,649342
 China,Macao SAR,2010,526401
 China,Macao SAR,2011,538215
 China,Macao SAR,2012,550833
 China,Macao SAR,2013,564037
 China,Macao SAR,2014,577368
 China,Macao SAR,2015,590210
 China,Macao SAR,2016,602093
MAF,St. Martin (French part),2017,36569
MAF,St. Martin (French part),2018,37264
MAF,St. Martin (French part),2019,38002
MAF,St. Martin (French part),2020,38659
MAF,St. Martin (French part),2021,39239
MAF,St. Martin (French part),2010,37582
MAF,St. Martin (French part),2011,37451
MAF,St. Martin (French part),2012,37012
MAF,St. Martin (French part),2013,36458
MAF,St. Martin (French part),2014,36018
MAF,St. Martin (French part),2015,35865
MAF,St. Martin (French part),2016,36061
MAR,Morocco,2017,35581257
MAR,Morocco,2018,36029089
MAR,Morocco,2019,36471766
MAR,Morocco,2020,36910558
MAR,Morocco,2021,37344787
MAR,Morocco,2010,32343384
MAR,Morocco,2011,32781860
MAR,Morocco,2012,33241898
MAR,Morocco,2013,33715705
MAR,Morocco,2014,34192358
MAR,Morocco,2015,34663608
MAR,Morocco,2016,35126274
MCO,Monaco,2017,38392
MCO,Monaco,2018,38682
MCO,Monaco,2019,38967
MCO,Monaco,2020,39244
MCO,Monaco,2021,39520
MCO,Monaco,2010,35609
MCO,Monaco,2011,36025
MCO,Monaco,2012,36459
MCO,Monaco,2013,36899
MCO,Monaco,2014,37320
MCO,Monaco,2015,37723
MCO,Monaco,2016,38070
MDA,Moldova,2017,2755158
MDA,Moldova,2018,2708214
MDA,Moldova,2019,2664974
MDA,Moldova,2020,2620495
MDA,Moldova,2021,2573928
MDA,Moldova,2010,2861487
MDA,Moldova,2011,2859833
MDA,Moldova,2012,2859458
MDA,Moldova,2013,2858692
MDA,Moldova,2014,2856950
MDA,Moldova,2015,2834530
MDA,Moldova,2016,2802170
MDG,Madagascar,2017,25570511
MDG,Madagascar,2018,26262313
MDG,Madagascar,2019,26969306
MDG,Madagascar,2020,27691019
MDG,Madagascar,2021,28427333
MDG,Madagascar,2010,21151640
MDG,Madagascar,2011,21743970
MDG,Madagascar,2012,22346641
MDG,Madagascar,2013,22961259
MDG,Madagascar,2014,23589897
MDG,Madagascar,2015,24234080
MDG,Madagascar,2016,24894370
MDV,Maldives,2017,496398
MDV,Maldives,2018,515704
MDV,Maldives,2019,530957
MDV,Maldives,2020,540542
MDV,Maldives,2021,543620
MDV,Maldives,2010,365730
MDV,Maldives,2011,380493
MDV,Maldives,2012,397231
MDV,Maldives,2013,415592
MDV,Maldives,2014,435018
MDV,Maldives,2015,454914
MDV,Maldives,2016,475505
MEA,Middle East & North Africa,2017,441298977
MEA,Middle East & North Africa,2018,448974232
MEA,Middle East & North Africa,2019,456709496
MEA,Middle East & North Africa,2020,464542370
MEA,Middle East & North Africa,2021,472494995
MEA,Middle East & North Africa,2010,385917928
MEA,Middle East & North Africa,2011,393942668
MEA,Middle East & North Africa,2012,401968363
MEA,Middle East & North Africa,2013,409968633
MEA,Middle East & North Africa,2014,417924350
MEA,Middle East & North Africa,2015,425821771
MEA,Middle East & North Africa,2016,433616042
MEX,Mexico,2017,124777326
MEX,Mexico,2018,126190782
MEX,Mexico,2019,127575529
MEX,Mexico,2020,128932753
MEX,Mexico,2021,130262220
MEX,Mexico,2010,114092961
MEX,Mexico,2011,115695468
MEX,Mexico,2012,117274156
MEX,Mexico,2013,118827158
MEX,Mexico,2014,120355137
MEX,Mexico,2015,121858251
MEX,Mexico,2016,123333379
MHL,Marshall Islands,2017,58053
MHL,Marshall Islands,2018,58412
MHL,Marshall Islands,2019,58791
MHL,Marshall Islands,2020,59194
MHL,Marshall Islands,2021,59618
MHL,Marshall Islands,2010,56361
MHL,Marshall Islands,2011,56524
MHL,Marshall Islands,2012,56712
MHL,Marshall Islands,2013,56933
MHL,Marshall Islands,2014,57183
MHL,Marshall Islands,2015,57444
MHL,Marshall Islands,2016,57723
MIC,Middle income,2017,5634010938
MIC,Middle income,2018,5695493550
MIC,Middle income,2019,5754728710
MIC,Middle income,2020,5811279241
MIC,Middle income,2021,5864624595
MIC,Middle income,2010,5187959208
MIC,Middle income,2011,5249903610
MIC,Middle income,2012,5313945906
MIC,Middle income,2013,5378522588
MIC,Middle income,2014,5442819928
MIC,Middle income,2015,5506549042
MIC,Middle income,2016,5570150918
MKD,North Macedonia,2017,2074502
MKD,North Macedonia,2018,2076217
MKD,North Macedonia,2019,2076694
MKD,North Macedonia,2020,2072531
MKD,North Macedonia,2021,2065092
MKD,North Macedonia,2010,2055004
MKD,North Macedonia,2011,2058539
MKD,North Macedonia,2012,2061044
MKD,North Macedonia,2013,2064032
MKD,North Macedonia,2014,2067471
MKD,North Macedonia,2015,2070226
MKD,North Macedonia,2016,2072490
MLI,Mali,2017,18512429
MLI,Mali,2018,19077755
MLI,Mali,2019,19658023
MLI,Mali,2020,20250834
MLI,Mali,2021,20855724
MLI,Mali,2010,15049352
MLI,Mali,2011,15514593
MLI,Mali,2012,15979492
MLI,Mali,2013,16449854
MLI,Mali,2014,16934213
MLI,Mali,2015,17438772
MLI,Mali,2016,17965448
MLT,Malta,2017,467999
MLT,Malta,2018,484630
MLT,Malta,2019,504062
MLT,Malta,2020,515332
MLT,Malta,2021,516869
MLT,Malta,2010,414508
MLT,Malta,2011,416268
MLT,Malta,2012,420028
MLT,Malta,2013,425967
MLT,Malta,2014,434558
MLT,Malta,2015,445053
MLT,Malta,2016,455356
MMR,Myanmar,2017,53382521
MMR,Myanmar,2018,53708318
MMR,Myanmar,2019,54045422
MMR,Myanmar,2020,54409794
MMR,Myanmar,2021,54806014
MMR,Myanmar,2010,50600827
MMR,Myanmar,2011,50990612
MMR,Myanmar,2012,51413703
MMR,Myanmar,2013,51852464
MMR,Myanmar,2014,52280816
MMR,Myanmar,2015,52680724
MMR,Myanmar,2016,53045199
MNA,Middle East & North Africa (excluding high income),2017,376588457
MNA,Middle East & North Africa (excluding high income),2018,382955167
MNA,Middle East & North Africa (excluding high income),2019,389457075
MNA,Middle East & North Africa (excluding high income),2020,396147843
MNA,Middle East & North Africa (excluding high income),2021,403051615
MNA,Middle East & North Africa (excluding high income),2010,332777842
MNA,Middle East & North Africa (excluding high income),2011,338813060
MNA,Middle East & North Africa (excluding high income),2012,344998428
MNA,Middle East & North Africa (excluding high income),2013,351290405
MNA,Middle East & North Africa (excluding high income),2014,357629838
MNA,Middle East & North Africa (excluding high income),2015,363975556
MNA,Middle East & North Africa (excluding high income),2016,370294017
MNE,Montenegro,2017,622373
MNE,Montenegro,2018,622227
MNE,Montenegro,2019,622028
MNE,Montenegro,2020,621306
MNE,Montenegro,2021,620173
MNE,Montenegro,2010,619428
MNE,Montenegro,2011,620079
MNE,Montenegro,2012,620601
MNE,Montenegro,2013,621207
MNE,Montenegro,2014,621810
MNE,Montenegro,2015,622159
MNE,Montenegro,2016,622303
MNG,Mongolia,2017,3113788
MNG,Mongolia,2018,3170214
MNG,Mongolia,2019,3225166
MNG,Mongolia,2020,3278292
MNG,Mongolia,2021,3329282
MNG,Mongolia,2010,2719902
MNG,Mongolia,2011,2770357
MNG,Mongolia,2012,2824698
MNG,Mongolia,2013,2881783
MNG,Mongolia,2014,2940111
MNG,Mongolia,2015,2998433
MNG,Mongolia,2016,3056358
MNP,Northern Mariana Islands,2017,56553
MNP,Northern Mariana Islands,2018,56889
MNP,Northern Mariana Islands,2019,57213
MNP,Northern Mariana Islands,2020,57557
MNP,Northern Mariana Islands,2021,57910
MNP,Northern Mariana Islands,2010,53971
MNP,Northern Mariana Islands,2011,54013
MNP,Northern Mariana Islands,2012,54306
MNP,Northern Mariana Islands,2013,54786
MNP,Northern Mariana Islands,2014,55301
MNP,Northern Mariana Islands,2015,55779
MNP,Northern Mariana Islands,2016,56187
MOZ,Mozambique,2017,28649007
MOZ,Mozambique,2018,29496009
MOZ,Mozambique,2019,30366043
MOZ,Mozambique,2020,31255435
MOZ,Mozambique,2021,32163045
MOZ,Mozambique,2010,23531567
MOZ,Mozambique,2011,24187500
MOZ,Mozambique,2012,24862673
MOZ,Mozambique,2013,25560752
MOZ,Mozambique,2014,26286192
MOZ,Mozambique,2015,27042001
MOZ,Mozambique,2016,27829930
MRT,Mauritania,2017,4282582
MRT,Mauritania,2018,4403312
MRT,Mauritania,2019,4525698
MRT,Mauritania,2020,4649660
MRT,Mauritania,2021,4775110
MRT,Mauritania,2010,3494200
MRT,Mauritania,2011,3598646
MRT,Mauritania,2012,3706555
MRT,Mauritania,2013,3817497
MRT,Mauritania,2014,3930894
MRT,Mauritania,2015,4046304
MRT,Mauritania,2016,4163532
MUS,Mauritius,2017,1264613
MUS,Mauritius,2018,1265303
MUS,Mauritius,2019,1265711
MUS,Mauritius,2020,1265740
MUS,Mauritius,2021,1266060
MUS,Mauritius,2010,1250400
MUS,Mauritius,2011,1252404
MUS,Mauritius,2012,1255882
MUS,Mauritius,2013,1258653
MUS,Mauritius,2014,1260934
MUS,Mauritius,2015,1262605
MUS,Mauritius,2016,1263473
MWI,Malawi,2017,17670193
MWI,Malawi,2018,18143215
MWI,Malawi,2019,18628749
MWI,Malawi,2020,19129955
MWI,Malawi,2021,19647681
MWI,Malawi,2010,14539609
MWI,Malawi,2011,14962118
MWI,Malawi,2012,15396010
MWI,Malawi,2013,15839287
MWI,Malawi,2014,16289550
MWI,Malawi,2015,16745305
MWI,Malawi,2016,17205253
MYS,Malaysia,2017,31104655
MYS,Malaysia,2018,31528033
MYS,Malaysia,2019,31949789
MYS,Malaysia,2020,32365998
MYS,Malaysia,2021,32776195
MYS,Malaysia,2010,28208028
MYS,Malaysia,2011,28650962
MYS,Malaysia,2012,29068189
MYS,Malaysia,2013,29468923
MYS,Malaysia,2014,29866606
MYS,Malaysia,2015,30270965
MYS,Malaysia,2016,30684652
NAC,North America,2017,361731237
NAC,North America,2018,363967201
NAC,North America,2019,365995094
NAC,North America,2020,369602177
NAC,North America,2021,370203720
NAC,North America,2010,343397156
NAC,North America,2011,345987373
NAC,North America,2012,348656682
NAC,North America,2013,351207902
NAC,North America,2014,353888902
NAC,North America,2015,356507139
NAC,North America,2016,359245796
NAM,Namibia,2017,2402623
NAM,Namibia,2018,2448300
NAM,Namibia,2019,2494524
NAM,Namibia,2020,2540916
NAM,Namibia,2021,2587344
NAM,Namibia,2010,2118877
NAM,Namibia,2011,2156698
NAM,Namibia,2012,2194777
NAM,Namibia,2013,2233506
NAM,Namibia,2014,2273426
NAM,Namibia,2015,2314901
NAM,Namibia,2016,2358044
NCL,New Caledonia,2017,270000
NCL,New Caledonia,2018,270650
NCL,New Caledonia,2019,271300
NCL,New Caledonia,2020,271960
NCL,New Caledonia,2021,272620
NCL,New Caledonia,2010,249750
NCL,New Caledonia,2011,254350
NCL,New Caledonia,2012,259000
NCL,New Caledonia,2013,263650
NCL,New Caledonia,2014,268050
NCL,New Caledonia,2015,268700
NCL,New Caledonia,2016,269350
NER,Niger,2017,21602388
NER,Niger,2018,22442831
NER,Niger,2019,23310719
NER,Niger,2020,24206636
NER,Niger,2021,25130810
NER,Niger,2010,16464025
NER,Niger,2011,17114770
NER,Niger,2012,17795209
NER,Niger,2013,18504287
NER,Niger,2014,19240182
NER,Niger,2015,20001663
NER,Niger,2016,20788789
NGA,Nigeria,2017,190873247
NGA,Nigeria,2018,195874685
NGA,Nigeria,2019,200963603
NGA,Nigeria,2020,206139587
NGA,Nigeria,2021,211400704
NGA,Nigeria,2010,158503203
NGA,Nigeria,2011,162805080
NGA,Nigeria,2012,167228803
NGA,Nigeria,2013,171765819
NGA,Nigeria,2014,176404931
NGA,Nigeria,2015,181137454
NGA,Nigeria,2016,185960244
NIC,Nicaragua,2017,6384843
NIC,Nicaragua,2018,6465502
NIC,Nicaragua,2019,6545503
NIC,Nicaragua,2020,6624554
NIC,Nicaragua,2021,6702379
NIC,Nicaragua,2010,5824058
NIC,Nicaragua,2011,5903035
NIC,Nicaragua,2012,5982530
NIC,Nicaragua,2013,6062462
NIC,Nicaragua,2014,6142734
NIC,Nicaragua,2015,6223234
NIC,Nicaragua,2016,6303970
NLD,Netherlands,2017,17131296
NLD,Netherlands,2018,17231624
NLD,Netherlands,2019,17344874
NLD,Netherlands,2020,17441500
NLD,Netherlands,2021,17533405
NLD,Netherlands,2010,16615394
NLD,Netherlands,2011,16693074
NLD,Netherlands,2012,16754962
NLD,Netherlands,2013,16804432
NLD,Netherlands,2014,16865008
NLD,Netherlands,2015,16939923
NLD,Netherlands,2016,17030314
NOR,Norway,2017,5276968
NOR,Norway,2018,5311916
NOR,Norway,2019,5347896
NOR,Norway,2020,5379475
NOR,Norway,2021,5408320
NOR,Norway,2010,4889252
NOR,Norway,2011,4953088
NOR,Norway,2012,5018573
NOR,Norway,2013,5079623
NOR,Norway,2014,5137232
NOR,Norway,2015,5188607
NOR,Norway,2016,5234519
NPL,Nepal,2017,27632682
NPL,Nepal,2018,28095712
NPL,Nepal,2019,28608715
NPL,Nepal,2020,29136808
NPL,Nepal,2021,29674920
NPL,Nepal,2010,27013207
NPL,Nepal,2011,27041220
NPL,Nepal,2012,26989160
NPL,Nepal,2013,26916795
NPL,Nepal,2014,26905982
NPL,Nepal,2015,27015033
NPL,Nepal,2016,27263430
NRU,Nauru,2017,10577
NRU,Nauru,2018,10678
NRU,Nauru,2019,10764
NRU,Nauru,2020,10834
NRU,Nauru,2021,10873
NRU,Nauru,2010,10009
NRU,Nauru,2011,10069
NRU,Nauru,2012,10136
NRU,Nauru,2013,10208
NRU,Nauru,2014,10289
NRU,Nauru,2015,10374
NRU,Nauru,2016,10474
NZL,New Zealand,2017,4813600
NZL,New Zealand,2018,4900600
NZL,New Zealand,2019,4979200
NZL,New Zealand,2020,5090200
NZL,New Zealand,2021,5122600
NZL,New Zealand,2010,4350700
NZL,New Zealand,2011,4384000
NZL,New Zealand,2012,4408100
NZL,New Zealand,2013,4442100
NZL,New Zealand,2014,4516500
NZL,New Zealand,2015,4609400
NZL,New Zealand,2016,4714100
OED,OECD members,2017,1350234580
OED,OECD members,2018,1358279647
OED,OECD members,2019,1365274704
OED,OECD members,2020,1372980201
OED,OECD members,2021,1375820281
OED,OECD members,2010,1292110708
OED,OECD members,2011,1298723126
OED,OECD members,2012,1306807834
OED,OECD members,2013,1315224394
OED,OECD members,2014,1324034852
OED,OECD members,2015,1332787383
OED,OECD members,2016,1341783391
OMN,Oman,2017,4665926
OMN,Oman,2018,4829476
OMN,Oman,2019,4974992
OMN,Oman,2020,5106622
OMN,Oman,2021,5223376
OMN,Oman,2010,3041435
OMN,Oman,2011,3251102
OMN,Oman,2012,3498031
OMN,Oman,2013,3764805
OMN,Oman,2014,4027255
OMN,Oman,2015,4267341
OMN,Oman,2016,4479217
OSS,Other small states,2017,30148954
OSS,Other small states,2018,30760469
OSS,Other small states,2019,31361216
OSS,Other small states,2020,31929881
OSS,Other small states,2021,32464282
OSS,Other small states,2010,26050929
OSS,Other small states,2011,26647965
OSS,Other small states,2012,27227313
OSS,Other small states,2013,27794594
OSS,Other small states,2014,28364446
OSS,Other small states,2015,28948893
OSS,Other small states,2016,29542903
PAK,Pakistan,2017,207906210
PAK,Pakistan,2018,212228288
PAK,Pakistan,2019,216565317
PAK,Pakistan,2020,220892331
PAK,Pakistan,2021,225199929
PAK,Pakistan,2010,179424643
PAK,Pakistan,2011,183340168
PAK,Pakistan,2012,187280125
PAK,Pakistan,2013,191260799
PAK,Pakistan,2014,195305012
PAK,Pakistan,2015,199426953
PAK,Pakistan,2016,203631356
PAN,Panama,2017,4106764
PAN,Panama,2018,4176868
PAN,Panama,2019,4246440
PAN,Panama,2020,4314768
PAN,Panama,2021,4381583
PAN,Panama,2010,3642691
PAN,Panama,2011,3706479
PAN,Panama,2012,3770635
PAN,Panama,2013,3835447
PAN,Panama,2014,3901311
PAN,Panama,2015,3968490
PAN,Panama,2016,4037073
PER,Peru,2017,31444299
PER,Peru,2018,31989265
PER,Peru,2019,32510462
PER,Peru,2020,32971846
PER,Peru,2021,33359416
PER,Peru,2010,29027680
PER,Peru,2011,29264314
PER,Peru,2012,29506790
PER,Peru,2013,29773986
PER,Peru,2014,30090372
PER,Peru,2015,30470739
PER,Peru,2016,30926036
PHL,Philippines,2017,105172921
PHL,Philippines,2018,106651394
PHL,Philippines,2019,108116622
PHL,Philippines,2020,109581085
PHL,Philippines,2021,111046910
PHL,Philippines,2010,93966784
PHL,Philippines,2011,95570049
PHL,Philippines,2012,97212639
PHL,Philippines,2013,98871558
PHL,Philippines,2014,100513137
PHL,Philippines,2015,102113206
PHL,Philippines,2016,103663812
PLW,Palau,2017,17809
PLW,Palau,2018,17911
PLW,Palau,2019,18001
PLW,Palau,2020,18092
PLW,Palau,2021,18174
PLW,Palau,2010,17954
PLW,Palau,2011,17748
PLW,Palau,2012,17635
PLW,Palau,2013,17603
PLW,Palau,2014,17625
PLW,Palau,2015,17665
PLW,Palau,2016,17718
PNG,Papua New Guinea,2017,8438038
PNG,Papua New Guinea,2018,8606324
PNG,Papua New Guinea,2019,8776119
PNG,Papua New Guinea,2020,8947027
PNG,Papua New Guinea,2021,9119005
PNG,Papua New Guinea,2010,7310512
PNG,Papua New Guinea,2011,7472196
PNG,Papua New Guinea,2012,7631003
PNG,Papua New Guinea,2013,7788388
PNG,Papua New Guinea,2014,7946733
PNG,Papua New Guinea,2015,8107772
PNG,Papua New Guinea,2016,8271766
POL,Poland,2017,37974826
POL,Poland,2018,37974750
POL,Poland,2019,37965475
POL,Poland,2020,37899070
POL,Poland,2021,37781024
POL,Poland,2010,38042794
POL,Poland,2011,38063255
POL,Poland,2012,38063164
POL,Poland,2013,38040196
POL,Poland,2014,38011735
POL,Poland,2015,37986412
POL,Poland,2016,37970087
PRE,Pre-demographic dividend,2017,894512378
PRE,Pre-demographic dividend,2018,919485090
PRE,Pre-demographic dividend,2019,944902748
PRE,Pre-demographic dividend,2020,970795671
PRE,Pre-demographic dividend,2021,997158227
PRE,Pre-demographic dividend,2010,731868780
PRE,Pre-demographic dividend,2011,753326898
PRE,Pre-demographic dividend,2012,775573262
PRE,Pre-demographic dividend,2013,798496024
PRE,Pre-demographic dividend,2014,821931559
PRE,Pre-demographic dividend,2015,845759372
PRE,Pre-demographic dividend,2016,869943573
PRI,Puerto Rico,2017,3325286
PRI,Puerto Rico,2018,3193354
PRI,Puerto Rico,2019,3193694
PRI,Puerto Rico,2020,3281538
PRI,Puerto Rico,2021,3263584
PRI,Puerto Rico,2010,3721525
PRI,Puerto Rico,2011,3678732
PRI,Puerto Rico,2012,3634488
PRI,Puerto Rico,2013,3593077
PRI,Puerto Rico,2014,3534874
PRI,Puerto Rico,2015,3473232
PRI,Puerto Rico,2016,3406672
 Dem. People's Rep.,Korea,2017,25307665
 Dem. People's Rep.,Korea,2018,25429816
 Dem. People's Rep.,Korea,2019,25549606
 Dem. People's Rep.,Korea,2020,25666158
 Dem. People's Rep.,Korea,2021,25778815
 Dem. People's Rep.,Korea,2010,24428340
 Dem. People's Rep.,Korea,2011,24548840
 Dem. People's Rep.,Korea,2012,24673392
 Dem. People's Rep.,Korea,2013,24800638
 Dem. People's Rep.,Korea,2014,24929500
 Dem. People's Rep.,Korea,2015,25057793
 Dem. People's Rep.,Korea,2016,25183832
PRT,Portugal,2017,10300300
PRT,Portugal,2018,10283822
PRT,Portugal,2019,10286263
PRT,Portugal,2020,10297081
PRT,Portugal,2021,10299423
PRT,Portugal,2010,10573100
PRT,Portugal,2011,10557560
PRT,Portugal,2012,10514844
PRT,Portugal,2013,10457295
PRT,Portugal,2014,10401062
PRT,Portugal,2015,10358076
PRT,Portugal,2016,10325452
PRY,Paraguay,2017,6867058
PRY,Paraguay,2018,6956069
PRY,Paraguay,2019,7044639
PRY,Paraguay,2020,7132530
PRY,Paraguay,2021,7219641
PRY,Paraguay,2010,6248017
PRY,Paraguay,2011,6333981
PRY,Paraguay,2012,6421510
PRY,Paraguay,2013,6510273
PRY,Paraguay,2014,6599524
PRY,Paraguay,2015,6688746
PRY,Paraguay,2016,6777878
PSE,West Bank and Gaza,2017,4454805
PSE,West Bank and Gaza,2018,4569087
PSE,West Bank and Gaza,2019,4685306
PSE,West Bank and Gaza,2020,4803269
PSE,West Bank and Gaza,2021,4922749
PSE,West Bank and Gaza,2010,3786161
PSE,West Bank and Gaza,2011,3882986
PSE,West Bank and Gaza,2012,3979998
PSE,West Bank and Gaza,2013,4076708
PSE,West Bank and Gaza,2014,4173398
PSE,West Bank and Gaza,2015,4270092
PSE,West Bank and Gaza,2016,4367088
PSS,Pacific island small states,2017,2419767
PSS,Pacific island small states,2018,2455336
PSS,Pacific island small states,2019,2491878
PSS,Pacific island small states,2020,2528958
PSS,Pacific island small states,2021,2566494
PSS,Pacific island small states,2010,2214509
PSS,Pacific island small states,2011,2241808
PSS,Pacific island small states,2012,2268553
PSS,Pacific island small states,2013,2295450
PSS,Pacific island small states,2014,2323558
PSS,Pacific island small states,2015,2353578
PSS,Pacific island small states,2016,2385744
PST,Post-demographic dividend,2017,1106131866
PST,Post-demographic dividend,2018,1110012320
PST,Post-demographic dividend,2019,1113142897
PST,Post-demographic dividend,2020,1117278019
PST,Post-demographic dividend,2021,1116655196
PST,Post-demographic dividend,2010,1074863836
PST,Post-demographic dividend,2011,1077830451
PST,Post-demographic dividend,2012,1082356457
PST,Post-demographic dividend,2013,1087107539
PST,Post-demographic dividend,2014,1092062242
PST,Post-demographic dividend,2015,1096949064
PST,Post-demographic dividend,2016,1101915677
PYF,French Polynesia,2017,276108
PYF,French Polynesia,2018,277673
PYF,French Polynesia,2019,279285
PYF,French Polynesia,2020,280904
PYF,French Polynesia,2021,282534
PYF,French Polynesia,2010,266449
PYF,French Polynesia,2011,267702
PYF,French Polynesia,2012,268995
PYF,French Polynesia,2013,270332
PYF,French Polynesia,2014,271713
PYF,French Polynesia,2015,273119
PYF,French Polynesia,2016,274576
QAT,Qatar,2017,2724727
QAT,Qatar,2018,2781682
QAT,Qatar,2019,2832071
QAT,Qatar,2020,2881060
QAT,Qatar,2021,2930524
QAT,Qatar,2010,1856329
QAT,Qatar,2011,2035862
QAT,Qatar,2012,2196078
QAT,Qatar,2013,2336579
QAT,Qatar,2014,2459202
QAT,Qatar,2015,2565708
QAT,Qatar,2016,2654379
ROU,Romania,2017,19588715
ROU,Romania,2018,19473970
ROU,Romania,2019,19371648
ROU,Romania,2020,19257520
ROU,Romania,2021,19115146
ROU,Romania,2010,20246871
ROU,Romania,2011,20147528
ROU,Romania,2012,20058035
ROU,Romania,2013,19983693
ROU,Romania,2014,19908979
ROU,Romania,2015,19815616
ROU,Romania,2016,19702267
RUS,Russian Federation,2017,144496739
RUS,Russian Federation,2018,144477859
RUS,Russian Federation,2019,144406261
RUS,Russian Federation,2020,144073139
RUS,Russian Federation,2021,143446060
RUS,Russian Federation,2010,142849468
RUS,Russian Federation,2011,142960908
RUS,Russian Federation,2012,143201721
RUS,Russian Federation,2013,143506995
RUS,Russian Federation,2014,143819667
RUS,Russian Federation,2015,144096870
RUS,Russian Federation,2016,144342397
RWA,Rwanda,2017,11980960
RWA,Rwanda,2018,12301969
RWA,Rwanda,2019,12626938
RWA,Rwanda,2020,12952209
RWA,Rwanda,2021,13276517
RWA,Rwanda,2010,10039338
RWA,Rwanda,2011,10293333
RWA,Rwanda,2012,10549668
RWA,Rwanda,2013,10811538
RWA,Rwanda,2014,11083629
RWA,Rwanda,2015,11369066
RWA,Rwanda,2016,11668829
SAS,South Asia,2017,1792883164
SAS,South Asia,2018,1814455018
SAS,South Asia,2019,1835776769
SAS,South Asia,2020,1856882402
SAS,South Asia,2021,1877902324
SAS,South Asia,2010,1638792927
SAS,South Asia,2011,1661532158
SAS,South Asia,2012,1683740452
SAS,South Asia,2013,1705761545
SAS,South Asia,2014,1727632022
SAS,South Asia,2015,1749417067
SAS,South Asia,2016,1771187426
SAU,Saudi Arabia,2017,33101183
SAU,Saudi Arabia,2018,33702757
SAU,Saudi Arabia,2019,34268529
SAU,Saudi Arabia,2020,34813867
SAU,Saudi Arabia,2021,35340680
SAU,Saudi Arabia,2010,27421468
SAU,Saudi Arabia,2011,28267591
SAU,Saudi Arabia,2012,29154906
SAU,Saudi Arabia,2013,30052058
SAU,Saudi Arabia,2014,30916603
SAU,Saudi Arabia,2015,31717676
SAU,Saudi Arabia,2016,32443443
SDN,Sudan,2017,40813398
SDN,Sudan,2018,41801532
SDN,Sudan,2019,42813237
SDN,Sudan,2020,43849269
SDN,Sudan,2021,44909351
SDN,Sudan,2010,34545014
SDN,Sudan,2011,35349676
SDN,Sudan,2012,36193781
SDN,Sudan,2013,37072555
SDN,Sudan,2014,37977657
SDN,Sudan,2015,38902948
SDN,Sudan,2016,39847433
SEN,Senegal,2017,15419354
SEN,Senegal,2018,15854324
SEN,Senegal,2019,16296362
SEN,Senegal,2020,16743930
SEN,Senegal,2021,17196308
SEN,Senegal,2010,12678143
SEN,Senegal,2011,13033814
SEN,Senegal,2012,13401990
SEN,Senegal,2013,13782429
SEN,Senegal,2014,14174740
SEN,Senegal,2015,14578450
SEN,Senegal,2016,14993514
SGP,Singapore,2017,5612253
SGP,Singapore,2018,5638676
SGP,Singapore,2019,5703569
SGP,Singapore,2020,5685807
SGP,Singapore,2021,5453566
SGP,Singapore,2010,5076732
SGP,Singapore,2011,5183688
SGP,Singapore,2012,5312437
SGP,Singapore,2013,5399162
SGP,Singapore,2014,5469724
SGP,Singapore,2015,5535002
SGP,Singapore,2016,5607283
SLB,Solomon Islands,2017,636030
SLB,Solomon Islands,2018,652856
SLB,Solomon Islands,2019,669821
SLB,Solomon Islands,2020,686878
SLB,Solomon Islands,2021,703995
SLB,Solomon Islands,2010,527861
SLB,Solomon Islands,2011,541522
SLB,Solomon Islands,2012,556066
SLB,Solomon Islands,2013,571329
SLB,Solomon Islands,2014,587079
SLB,Solomon Islands,2015,603133
SLB,Solomon Islands,2016,619438
SLE,Sierra Leone,2017,7488427
SLE,Sierra Leone,2018,7650149
SLE,Sierra Leone,2019,7813207
SLE,Sierra Leone,2020,7976985
SLE,Sierra Leone,2021,8141343
SLE,Sierra Leone,2010,6415636
SLE,Sierra Leone,2011,6563238
SLE,Sierra Leone,2012,6712586
SLE,Sierra Leone,2013,6863975
SLE,Sierra Leone,2014,7017153
SLE,Sierra Leone,2015,7171909
SLE,Sierra Leone,2016,7328846
SLV,El Salvador,2017,6388124
SLV,El Salvador,2018,6420740
SLV,El Salvador,2019,6453550
SLV,El Salvador,2020,6486201
SLV,El Salvador,2021,6518500
SLV,El Salvador,2010,6183877
SLV,El Salvador,2011,6210567
SLV,El Salvador,2012,6237922
SLV,El Salvador,2013,6266076
SLV,El Salvador,2014,6295124
SLV,El Salvador,2015,6325121
SLV,El Salvador,2016,6356137
SMR,San Marino,2017,33671
SMR,San Marino,2018,33784
SMR,San Marino,2019,33864
SMR,San Marino,2020,33938
SMR,San Marino,2021,34010
SMR,San Marino,2010,31221
SMR,San Marino,2011,31655
SMR,San Marino,2012,32103
SMR,San Marino,2013,32554
SMR,San Marino,2014,32941
SMR,San Marino,2015,33270
SMR,San Marino,2016,33503
SOM,Somalia,2017,14589165
SOM,Somalia,2018,15008225
SOM,Somalia,2019,15442906
SOM,Somalia,2020,15893219
SOM,Somalia,2021,16359500
SOM,Somalia,2010,12043886
SOM,Somalia,2011,12376305
SOM,Somalia,2012,12715487
SOM,Somalia,2013,13063711
SOM,Somalia,2014,13423571
SOM,Somalia,2015,13797204
SOM,Somalia,2016,14185635
SRB,Serbia,2017,7020858
SRB,Serbia,2018,6982604
SRB,Serbia,2019,6945235
SRB,Serbia,2020,6899126
SRB,Serbia,2021,6844078
SRB,Serbia,2010,7291436
SRB,Serbia,2011,7234099
SRB,Serbia,2012,7199077
SRB,Serbia,2013,7164132
SRB,Serbia,2014,7130576
SRB,Serbia,2015,7095383
SRB,Serbia,2016,7058322
SSA,Sub-Saharan Africa (excluding high income),2017,1050066967
SSA,Sub-Saharan Africa (excluding high income),2018,1078222750
SSA,Sub-Saharan Africa (excluding high income),2019,1106860245
SSA,Sub-Saharan Africa (excluding high income),2020,1135948313
SSA,Sub-Saharan Africa (excluding high income),2021,1165464785
SSA,Sub-Saharan Africa (excluding high income),2010,868935345
SSA,Sub-Saharan Africa (excluding high income),2011,892958422
SSA,Sub-Saharan Africa (excluding high income),2012,917637577
SSA,Sub-Saharan Africa (excluding high income),2013,942949525
SSA,Sub-Saharan Africa (excluding high income),2014,968866993
SSA,Sub-Saharan Africa (excluding high income),2015,995365079
SSA,Sub-Saharan Africa (excluding high income),2016,1022435568
SSD,South Sudan,2017,10910774
SSD,South Sudan,2018,10975924
SSD,South Sudan,2019,11062114
SSD,South Sudan,2020,11193729
SSD,South Sudan,2021,11381377
SSD,South Sudan,2010,9508372
SSD,South Sudan,2011,9830695
SSD,South Sudan,2012,10113648
SSD,South Sudan,2013,10355030
SSD,South Sudan,2014,10554882
SSD,South Sudan,2015,10715657
SSD,South Sudan,2016,10832520
SSF,Sub-Saharan Africa,2017,1050162810
SSF,Sub-Saharan Africa,2018,1078319512
SSF,Sub-Saharan Africa,2019,1106957870
SSF,Sub-Saharan Africa,2020,1136046775
SSF,Sub-Saharan Africa,2021,1165563987
SSF,Sub-Saharan Africa,2010,869025115
SSF,Sub-Saharan Africa,2011,893045863
SSF,Sub-Saharan Africa,2012,917725880
SSF,Sub-Saharan Africa,2013,943039474
SSF,Sub-Saharan Africa,2014,968958352
SSF,Sub-Saharan Africa,2015,995458498
SSF,Sub-Saharan Africa,2016,1022530245
SST,Small states,2017,39883677
SST,Small states,2018,40574734
SST,Small states,2019,41254483
SST,Small states,2020,41901130
SST,Small states,2021,42512407
SST,Small states,2010,35238631
SST,Small states,2011,35912140
SST,Small states,2012,36568506
SST,Small states,2013,37213359
SST,Small states,2014,37861447
SST,Small states,2015,38524668
SST,Small states,2016,39198032
STP,Sao Tome and Principe,2017,207086
STP,Sao Tome and Principe,2018,211032
STP,Sao Tome and Principe,2019,215048
STP,Sao Tome and Principe,2020,219161
STP,Sao Tome and Principe,2021,223364
STP,Sao Tome and Principe,2010,180372
STP,Sao Tome and Principe,2011,184521
STP,Sao Tome and Principe,2012,188394
STP,Sao Tome and Principe,2013,192076
STP,Sao Tome and Principe,2014,195727
STP,Sao Tome and Principe,2015,199439
STP,Sao Tome and Principe,2016,203221
SUR,Suriname,2017,570501
SUR,Suriname,2018,575987
SUR,Suriname,2019,581363
SUR,Suriname,2020,586634
SUR,Suriname,2021,591798
SUR,Suriname,2010,529126
SUR,Suriname,2011,535177
SUR,Suriname,2012,541247
SUR,Suriname,2013,547295
SUR,Suriname,2014,553278
SUR,Suriname,2015,559136
SUR,Suriname,2016,564883
SVK,Slovak Republic,2017,5439232
SVK,Slovak Republic,2018,5446771
SVK,Slovak Republic,2019,5454147
SVK,Slovak Republic,2020,5458827
SVK,Slovak Republic,2021,5447247
SVK,Slovak Republic,2010,5391428
SVK,Slovak Republic,2011,5398384
SVK,Slovak Republic,2012,5407579
SVK,Slovak Republic,2013,5413393
SVK,Slovak Republic,2014,5418649
SVK,Slovak Republic,2015,5423801
SVK,Slovak Republic,2016,5430798
SVN,Slovenia,2017,2066388
SVN,Slovenia,2018,2073894
SVN,Slovenia,2019,2088385
SVN,Slovenia,2020,2102419
SVN,Slovenia,2021,2107007
SVN,Slovenia,2010,2048583
SVN,Slovenia,2011,2052843
SVN,Slovenia,2012,2057159
SVN,Slovenia,2013,2059953
SVN,Slovenia,2014,2061980
SVN,Slovenia,2015,2063531
SVN,Slovenia,2016,2065042
SWE,Sweden,2017,10057698
SWE,Sweden,2018,10175214
SWE,Sweden,2019,10278887
SWE,Sweden,2020,10353442
SWE,Sweden,2021,10415811
SWE,Sweden,2010,9378126
SWE,Sweden,2011,9449213
SWE,Sweden,2012,9519374
SWE,Sweden,2013,9600379
SWE,Sweden,2014,9696110
SWE,Sweden,2015,9799186
SWE,Sweden,2016,9923085
SWZ,Eswatini,2017,1124808
SWZ,Eswatini,2018,1136274
SWZ,Eswatini,2019,1148133
SWZ,Eswatini,2020,1160164
SWZ,Eswatini,2021,1172369
SWZ,Eswatini,2010,1064841
SWZ,Eswatini,2011,1072029
SWZ,Eswatini,2012,1079285
SWZ,Eswatini,2013,1086843
SWZ,Eswatini,2014,1095022
SWZ,Eswatini,2015,1104038
SWZ,Eswatini,2016,1113994
SXM,Sint Maarten (Dutch part),2017,40574
SXM,Sint Maarten (Dutch part),2018,40895
SXM,Sint Maarten (Dutch part),2019,41608
SXM,Sint Maarten (Dutch part),2020,42310
SXM,Sint Maarten (Dutch part),2021,42846
SXM,Sint Maarten (Dutch part),2010,34056
SXM,Sint Maarten (Dutch part),2011,33435
SXM,Sint Maarten (Dutch part),2012,34640
SXM,Sint Maarten (Dutch part),2013,36607
SXM,Sint Maarten (Dutch part),2014,37685
SXM,Sint Maarten (Dutch part),2015,38825
SXM,Sint Maarten (Dutch part),2016,39969
SYC,Seychelles,2017,95843
SYC,Seychelles,2018,96762
SYC,Seychelles,2019,97625
SYC,Seychelles,2020,98462
SYC,Seychelles,2021,99202
SYC,Seychelles,2010,89770
SYC,Seychelles,2011,87441
SYC,Seychelles,2012,88303
SYC,Seychelles,2013,89949
SYC,Seychelles,2014,91359
SYC,Seychelles,2015,93419
SYC,Seychelles,2016,94677
SYR,Syrian Arab Republic,2017,17095669
SYR,Syrian Arab Republic,2018,16945062
SYR,Syrian Arab Republic,2019,17070132
SYR,Syrian Arab Republic,2020,17500657
SYR,Syrian Arab Republic,2021,18275704
SYR,Syrian Arab Republic,2010,21362541
SYR,Syrian Arab Republic,2011,21081814
SYR,Syrian Arab Republic,2012,20438861
SYR,Syrian Arab Republic,2013,19578466
SYR,Syrian Arab Republic,2014,18710711
SYR,Syrian Arab Republic,2015,17997411
SYR,Syrian Arab Republic,2016,17465567
TCA,Turks and Caicos Islands,2017,37116
TCA,Turks and Caicos Islands,2018,37667
TCA,Turks and Caicos Islands,2019,38194
TCA,Turks and Caicos Islands,2020,38718
TCA,Turks and Caicos Islands,2021,39226
TCA,Turks and Caicos Islands,2010,32658
TCA,Turks and Caicos Islands,2011,33371
TCA,Turks and Caicos Islands,2012,34067
TCA,Turks and Caicos Islands,2013,34733
TCA,Turks and Caicos Islands,2014,35371
TCA,Turks and Caicos Islands,2015,35979
TCA,Turks and Caicos Islands,2016,36558
TCD,Chad,2017,15016761
TCD,Chad,2018,15477727
TCD,Chad,2019,15946882
TCD,Chad,2020,16425859
TCD,Chad,2021,16914985
TCD,Chad,2010,11952134
TCD,Chad,2011,12360986
TCD,Chad,2012,12784748
TCD,Chad,2013,13220433
TCD,Chad,2014,13663562
TCD,Chad,2015,14110971
TCD,Chad,2016,14561658
TEA,East Asia & Pacific (IDA & IBRD countries),2017,2052513823
TEA,East Asia & Pacific (IDA & IBRD countries),2018,2066103849
TEA,East Asia & Pacific (IDA & IBRD countries),2019,2078012370
TEA,East Asia & Pacific (IDA & IBRD countries),2020,2088186305
TEA,East Asia & Pacific (IDA & IBRD countries),2021,2096155040
TEA,East Asia & Pacific (IDA & IBRD countries),2010,1941377365
TEA,East Asia & Pacific (IDA & IBRD countries),2011,1956238874
TEA,East Asia & Pacific (IDA & IBRD countries),2012,1973056377
TEA,East Asia & Pacific (IDA & IBRD countries),2013,1989821912
TEA,East Asia & Pacific (IDA & IBRD countries),2014,2006100237
TEA,East Asia & Pacific (IDA & IBRD countries),2015,2021618425
TEA,East Asia & Pacific (IDA & IBRD countries),2016,2036897092
TEC,Europe & Central Asia (IDA & IBRD countries),2017,456945557
TEC,Europe & Central Asia (IDA & IBRD countries),2018,458942666
TEC,Europe & Central Asia (IDA & IBRD countries),2019,460788476
TEC,Europe & Central Asia (IDA & IBRD countries),2020,462100263
TEC,Europe & Central Asia (IDA & IBRD countries),2021,462624055
TEC,Europe & Central Asia (IDA & IBRD countries),2010,440398383
TEC,Europe & Central Asia (IDA & IBRD countries),2011,442630386
TEC,Europe & Central Asia (IDA & IBRD countries),2012,444865680
TEC,Europe & Central Asia (IDA & IBRD countries),2013,447330442
TEC,Europe & Central Asia (IDA & IBRD countries),2014,449780961
TEC,Europe & Central Asia (IDA & IBRD countries),2015,452263661
TEC,Europe & Central Asia (IDA & IBRD countries),2016,454682913
TGO,Togo,2017,7698476
TGO,Togo,2018,7889095
TGO,Togo,2019,8082359
TGO,Togo,2020,8278737
TGO,Togo,2021,8478242
TGO,Togo,2010,6421674
TGO,Togo,2011,6595939
TGO,Togo,2012,6773807
TGO,Togo,2013,6954721
TGO,Togo,2014,7137997
TGO,Togo,2015,7323162
TGO,Togo,2016,7509952
THA,Thailand,2017,69209817
THA,Thailand,2018,69428454
THA,Thailand,2019,69625581
THA,Thailand,2020,69799978
THA,Thailand,2021,69950844
THA,Thailand,2010,67195032
THA,Thailand,2011,67518379
THA,Thailand,2012,67835969
THA,Thailand,2013,68144519
THA,Thailand,2014,68438748
THA,Thailand,2015,68714519
THA,Thailand,2016,68971313
TJK,Tajikistan,2017,8880270
TJK,Tajikistan,2018,9100847
TJK,Tajikistan,2019,9321023
TJK,Tajikistan,2020,9537642
TJK,Tajikistan,2021,9749625
TJK,Tajikistan,2010,7527397
TJK,Tajikistan,2011,7697507
TJK,Tajikistan,2012,7874838
TJK,Tajikistan,2013,8059782
TJK,Tajikistan,2014,8252828
TJK,Tajikistan,2015,8454019
TJK,Tajikistan,2016,8663575
TKM,Turkmenistan,2017,5757667
TKM,Turkmenistan,2018,5850902
TKM,Turkmenistan,2019,5942094
TKM,Turkmenistan,2020,6031187
TKM,Turkmenistan,2021,6117933
TKM,Turkmenistan,2010,5087211
TKM,Turkmenistan,2011,5174076
TKM,Turkmenistan,2012,5267906
TKM,Turkmenistan,2013,5366376
TKM,Turkmenistan,2014,5466324
TKM,Turkmenistan,2015,5565283
TKM,Turkmenistan,2016,5662371
TLA,Latin America & the Caribbean (IDA & IBRD countries),2017,618653508
TLA,Latin America & the Caribbean (IDA & IBRD countries),2018,624698076
TLA,Latin America & the Caribbean (IDA & IBRD countries),2019,630644771
TLA,Latin America & the Caribbean (IDA & IBRD countries),2020,636492840
TLA,Latin America & the Caribbean (IDA & IBRD countries),2021,642239838
TLA,Latin America & the Caribbean (IDA & IBRD countries),2010,573800616
TLA,Latin America & the Caribbean (IDA & IBRD countries),2011,580428448
TLA,Latin America & the Caribbean (IDA & IBRD countries),2012,586999600
TLA,Latin America & the Caribbean (IDA & IBRD countries),2013,593506947
TLA,Latin America & the Caribbean (IDA & IBRD countries),2014,599935349
TLA,Latin America & the Caribbean (IDA & IBRD countries),2015,606271936
TLA,Latin America & the Caribbean (IDA & IBRD countries),2016,612511541
TLS,Timor-Leste,2017,1243260
TLS,Timor-Leste,2018,1267975
TLS,Timor-Leste,2019,1293120
TLS,Timor-Leste,2020,1318442
TLS,Timor-Leste,2021,1343875
TLS,Timor-Leste,2010,1093517
TLS,Timor-Leste,2011,1113154
TLS,Timor-Leste,2012,1133002
TLS,Timor-Leste,2013,1153288
TLS,Timor-Leste,2014,1174333
TLS,Timor-Leste,2015,1196294
TLS,Timor-Leste,2016,1219289
TMN,Middle East & North Africa (IDA & IBRD countries),2017,372133652
TMN,Middle East & North Africa (IDA & IBRD countries),2018,378386080
TMN,Middle East & North Africa (IDA & IBRD countries),2019,384771769
TMN,Middle East & North Africa (IDA & IBRD countries),2020,391344574
TMN,Middle East & North Africa (IDA & IBRD countries),2021,398128866
TMN,Middle East & North Africa (IDA & IBRD countries),2010,328991681
TMN,Middle East & North Africa (IDA & IBRD countries),2011,334930074
TMN,Middle East & North Africa (IDA & IBRD countries),2012,341018430
TMN,Middle East & North Africa (IDA & IBRD countries),2013,347213697
TMN,Middle East & North Africa (IDA & IBRD countries),2014,353456440
TMN,Middle East & North Africa (IDA & IBRD countries),2015,359705464
TMN,Middle East & North Africa (IDA & IBRD countries),2016,365926929
TON,Tonga,2017,102002
TON,Tonga,2018,103199
TON,Tonga,2019,104497
TON,Tonga,2020,105697
TON,Tonga,2021,106759
TON,Tonga,2010,103981
TON,Tonga,2011,103558
TON,Tonga,2012,102736
TON,Tonga,2013,101768
TON,Tonga,2014,101023
TON,Tonga,2015,100780
TON,Tonga,2016,101143
TSA,South Asia (IDA & IBRD),2017,1792883164
TSA,South Asia (IDA & IBRD),2018,1814455018
TSA,South Asia (IDA & IBRD),2019,1835776769
TSA,South Asia (IDA & IBRD),2020,1856882402
TSA,South Asia (IDA & IBRD),2021,1877902324
TSA,South Asia (IDA & IBRD),2010,1638792927
TSA,South Asia (IDA & IBRD),2011,1661532158
TSA,South Asia (IDA & IBRD),2012,1683740452
TSA,South Asia (IDA & IBRD),2013,1705761545
TSA,South Asia (IDA & IBRD),2014,1727632022
TSA,South Asia (IDA & IBRD),2015,1749417067
TSA,South Asia (IDA & IBRD),2016,1771187426
TSS,Sub-Saharan Africa (IDA & IBRD countries),2017,1050162810
TSS,Sub-Saharan Africa (IDA & IBRD countries),2018,1078319512
TSS,Sub-Saharan Africa (IDA & IBRD countries),2019,1106957870
TSS,Sub-Saharan Africa (IDA & IBRD countries),2020,1136046775
TSS,Sub-Saharan Africa (IDA & IBRD countries),2021,1165563987
TSS,Sub-Saharan Africa (IDA & IBRD countries),2010,869025115
TSS,Sub-Saharan Africa (IDA & IBRD countries),2011,893045863
TSS,Sub-Saharan Africa (IDA & IBRD countries),2012,917725880
TSS,Sub-Saharan Africa (IDA & IBRD countries),2013,943039474
TSS,Sub-Saharan Africa (IDA & IBRD countries),2014,968958352
TSS,Sub-Saharan Africa (IDA & IBRD countries),2015,995458498
TSS,Sub-Saharan Africa (IDA & IBRD countries),2016,1022530245
TTO,Trinidad and Tobago,2017,1384060
TTO,Trinidad and Tobago,2018,1389841
TTO,Trinidad and Tobago,2019,1394969
TTO,Trinidad and Tobago,2020,1399491
TTO,Trinidad and Tobago,2021,1403374
TTO,Trinidad and Tobago,2010,1328144
TTO,Trinidad and Tobago,2011,1336180
TTO,Trinidad and Tobago,2012,1344814
TTO,Trinidad and Tobago,2013,1353708
TTO,Trinidad and Tobago,2014,1362337
TTO,Trinidad and Tobago,2015,1370332
TTO,Trinidad and Tobago,2016,1377563
TUN,Tunisia,2017,11433438
TUN,Tunisia,2018,11565203
TUN,Tunisia,2019,11694721
TUN,Tunisia,2020,11818618
TUN,Tunisia,2021,11935764
TUN,Tunisia,2010,10635245
TUN,Tunisia,2011,10741872
TUN,Tunisia,2012,10846993
TUN,Tunisia,2013,10952949
TUN,Tunisia,2014,11063195
TUN,Tunisia,2015,11179951
TUN,Tunisia,2016,11303942
TUR,Turkiye,2017,81116451
TUR,Turkiye,2018,82340090
TUR,Turkiye,2019,83429607
TUR,Turkiye,2020,84339067
TUR,Turkiye,2021,85042736
TUR,Turkiye,2010,72326992
TUR,Turkiye,2011,73443254
TUR,Turkiye,2012,74651046
TUR,Turkiye,2013,75925454
TUR,Turkiye,2014,77229262
TUR,Turkiye,2015,78529413
TUR,Turkiye,2016,79827868
TUV,Tuvalu,2017,11365
TUV,Tuvalu,2018,11505
TUV,Tuvalu,2019,11655
TUV,Tuvalu,2020,11792
TUV,Tuvalu,2021,11925
TUV,Tuvalu,2010,10521
TUV,Tuvalu,2011,10626
TUV,Tuvalu,2012,10744
TUV,Tuvalu,2013,10849
TUV,Tuvalu,2014,10973
TUV,Tuvalu,2015,11099
TUV,Tuvalu,2016,11232
TZA,Tanzania,2017,54660345
TZA,Tanzania,2018,56313444
TZA,Tanzania,2019,58005461
TZA,Tanzania,2020,59734213
TZA,Tanzania,2021,61498438
TZA,Tanzania,2010,44346532
TZA,Tanzania,2011,45673520
TZA,Tanzania,2012,47053033
TZA,Tanzania,2013,48483132
TZA,Tanzania,2014,49960563
TZA,Tanzania,2015,51482638
TZA,Tanzania,2016,53049231
UGA,Uganda,2017,41166588
UGA,Uganda,2018,42729032
UGA,Uganda,2019,44269587
UGA,Uganda,2020,45741000
UGA,Uganda,2021,47123533
UGA,Uganda,2010,32428164
UGA,Uganda,2011,33476772
UGA,Uganda,2012,34558700
UGA,Uganda,2013,35694519
UGA,Uganda,2014,36911530
UGA,Uganda,2015,38225447
UGA,Uganda,2016,39649173
UKR,Ukraine,2017,44831135
UKR,Ukraine,2018,44622518
UKR,Ukraine,2019,44386203
UKR,Ukraine,2020,44132049
UKR,Ukraine,2021,43814581
UKR,Ukraine,2010,45870741
UKR,Ukraine,2011,45706086
UKR,Ukraine,2012,45593342
UKR,Ukraine,2013,45489648
UKR,Ukraine,2014,45272155
UKR,Ukraine,2015,45154036
UKR,Ukraine,2016,45004673
UMC,Upper middle income,2017,2449903406
UMC,Upper middle income,2018,2466337061
UMC,Upper middle income,2019,2480707519
UMC,Upper middle income,2020,2492597173
UMC,Upper middle income,2021,2501427939
UMC,Upper middle income,2010,2318059191
UMC,Upper middle income,2011,2335395084
UMC,Upper middle income,2012,2354967527
UMC,Upper middle income,2013,2374694434
UMC,Upper middle income,2014,2394063066
UMC,Upper middle income,2015,2412687400
UMC,Upper middle income,2016,2431145930
URY,Uruguay,2017,3436645
URY,Uruguay,2018,3449290
URY,Uruguay,2019,3461731
URY,Uruguay,2020,3473727
URY,Uruguay,2021,3485152
URY,Uruguay,2010,3359273
URY,Uruguay,2011,3368926
URY,Uruguay,2012,3378975
URY,Uruguay,2013,3389436
URY,Uruguay,2014,3400439
URY,Uruguay,2015,3412013
URY,Uruguay,2016,3424139
USA,United States,2017,325122128
USA,United States,2018,326838199
USA,United States,2019,328329953
USA,United States,2020,331501080
USA,United States,2021,331893745
USA,United States,2010,309327143
USA,United States,2011,311583481
USA,United States,2012,313877662
USA,United States,2013,316059947
USA,United States,2014,318386329
USA,United States,2015,320738994
USA,United States,2016,323071755
UZB,Uzbekistan,2017,32388600
UZB,Uzbekistan,2018,32956100
UZB,Uzbekistan,2019,33580350
UZB,Uzbekistan,2020,34232050
UZB,Uzbekistan,2021,34915100
UZB,Uzbekistan,2010,28562400
UZB,Uzbekistan,2011,29339400
UZB,Uzbekistan,2012,29774500
UZB,Uzbekistan,2013,30243200
UZB,Uzbekistan,2014,30757700
UZB,Uzbekistan,2015,31298900
UZB,Uzbekistan,2016,31847900
VCT,St. Vincent and the Grenadines,2017,109826
VCT,St. Vincent and the Grenadines,2018,110210
VCT,St. Vincent and the Grenadines,2019,110593
VCT,St. Vincent and the Grenadines,2020,110947
VCT,St. Vincent and the Grenadines,2021,111269
VCT,St. Vincent and the Grenadines,2010,108260
VCT,St. Vincent and the Grenadines,2011,108315
VCT,St. Vincent and the Grenadines,2012,108435
VCT,St. Vincent and the Grenadines,2013,108624
VCT,St. Vincent and the Grenadines,2014,108868
VCT,St. Vincent and the Grenadines,2015,109135
VCT,St. Vincent and the Grenadines,2016,109467
 RB,Venezuela,2017,29851249
 RB,Venezuela,2018,29402480
 RB,Venezuela,2019,28887117
 RB,Venezuela,2020,28515829
 RB,Venezuela,2021,28435943
 RB,Venezuela,2010,28031010
 RB,Venezuela,2011,28439942
 RB,Venezuela,2012,28887873
 RB,Venezuela,2013,29360827
 RB,Venezuela,2014,29781046
 RB,Venezuela,2015,30042973
 RB,Venezuela,2016,30081827
VGB,British Virgin Islands,2017,29567
VGB,British Virgin Islands,2018,29795
VGB,British Virgin Islands,2019,30033
VGB,British Virgin Islands,2020,30237
VGB,British Virgin Islands,2021,30423
VGB,British Virgin Islands,2010,27796
VGB,British Virgin Islands,2011,28326
VGB,British Virgin Islands,2012,28654
VGB,British Virgin Islands,2013,28850
VGB,British Virgin Islands,2014,28985
VGB,British Virgin Islands,2015,29148
VGB,British Virgin Islands,2016,29355
VIR,Virgin Islands (U.S.),2017,107281
VIR,Virgin Islands (U.S.),2018,107001
VIR,Virgin Islands (U.S.),2019,106669
VIR,Virgin Islands (U.S.),2020,106290
VIR,Virgin Islands (U.S.),2021,105870
VIR,Virgin Islands (U.S.),2010,108357
VIR,Virgin Islands (U.S.),2011,108290
VIR,Virgin Islands (U.S.),2012,108188
VIR,Virgin Islands (U.S.),2013,108041
VIR,Virgin Islands (U.S.),2014,107882
VIR,Virgin Islands (U.S.),2015,107712
VIR,Virgin Islands (U.S.),2016,107516
VNM,Vietnam,2017,94600643
VNM,Vietnam,2018,95545959
VNM,Vietnam,2019,96462108
VNM,Vietnam,2020,97338583
VNM,Vietnam,2021,98168829
VNM,Vietnam,2010,87967655
VNM,Vietnam,2011,88871384
VNM,Vietnam,2012,89801926
VNM,Vietnam,2013,90752593
VNM,Vietnam,2014,91713850
VNM,Vietnam,2015,92677082
VNM,Vietnam,2016,93640435
VUT,Vanuatu,2017,285499
VUT,Vanuatu,2018,292675
VUT,Vanuatu,2019,299882
VUT,Vanuatu,2020,307150
VUT,Vanuatu,2021,314464
VUT,Vanuatu,2010,236216
VUT,Vanuatu,2011,242658
VUT,Vanuatu,2012,249505
VUT,Vanuatu,2013,256637
VUT,Vanuatu,2014,263888
VUT,Vanuatu,2015,271128
VUT,Vanuatu,2016,278326
WLD,World,2017,7519371102
WLD,World,2018,7602716232
WLD,World,2019,7683806444
WLD,World,2020,7763932702
WLD,World,2021,7836630792
WLD,World,2010,6921854591
WLD,World,2011,7003760440
WLD,World,2012,7089254548
WLD,World,2013,7175500378
WLD,World,2014,7261846543
WLD,World,2015,7347679005
WLD,World,2016,7433650819
WSM,Samoa,2017,195358
WSM,Samoa,2018,196128
WSM,Samoa,2019,197093
WSM,Samoa,2020,198410
WSM,Samoa,2021,200144
WSM,Samoa,2010,185944
WSM,Samoa,2011,187469
WSM,Samoa,2012,189089
WSM,Samoa,2013,190712
WSM,Samoa,2014,192220
WSM,Samoa,2015,193510
WSM,Samoa,2016,194540
XKX,Kosovo,2017,1791003
XKX,Kosovo,2018,1797085
XKX,Kosovo,2019,1788878
XKX,Kosovo,2020,1790133
XKX,Kosovo,2021,1806279
XKX,Kosovo,2010,1775680
XKX,Kosovo,2011,1791000
XKX,Kosovo,2012,1807106
XKX,Kosovo,2013,1818117
XKX,Kosovo,2014,1812771
XKX,Kosovo,2015,1788196
XKX,Kosovo,2016,1777557
 Rep.,Yemen,2017,27168210
 Rep.,Yemen,2018,27834811
 Rep.,Yemen,2019,28498683
 Rep.,Yemen,2020,29161922
 Rep.,Yemen,2021,29825968
 Rep.,Yemen,2010,22516464
 Rep.,Yemen,2011,23154854
 Rep.,Yemen,2012,23807586
 Rep.,Yemen,2013,24473176
 Rep.,Yemen,2014,25147112
 Rep.,Yemen,2015,25823488
 Rep.,Yemen,2016,26497881
ZAF,South Africa,2017,57009751
ZAF,South Africa,2018,57792520
ZAF,South Africa,2019,58558267
ZAF,South Africa,2020,59308690
ZAF,South Africa,2021,60041996
ZAF,South Africa,2010,51216967
ZAF,South Africa,2011,52003759
ZAF,South Africa,2012,52832659
ZAF,South Africa,2013,53687125
ZAF,South Africa,2014,54544184
ZAF,South Africa,2015,55386369
ZAF,South Africa,2016,56207649
ZMB,Zambia,2017,16853608
ZMB,Zambia,2018,17351714
ZMB,Zambia,2019,17861034
ZMB,Zambia,2020,18383956
ZMB,Zambia,2021,18920657
ZMB,Zambia,2010,13605986
ZMB,Zambia,2011,14023199
ZMB,Zambia,2012,14465148
ZMB,Zambia,2013,14926551
ZMB,Zambia,2014,15399793
ZMB,Zambia,2015,15879370
ZMB,Zambia,2016,16363449
ZWE,Zimbabwe,2017,14236599
ZWE,Zimbabwe,2018,14438812
ZWE,Zimbabwe,2019,14645473
ZWE,Zimbabwe,2020,14862927
ZWE,Zimbabwe,2021,15092171
ZWE,Zimbabwe,2010,12697728
ZWE,Zimbabwe,2011,12894323
ZWE,Zimbabwe,2012,13115149
ZWE,Zimbabwe,2013,13350378
ZWE,Zimbabwe,2014,13586710
ZWE,Zimbabwe,2015,13814642
ZWE,Zimbabwe,2016,14030338
 Rep.,Yemen,2017,27168210
 Rep.,Yemen,2018,27834811
 Rep.,Yemen,2019,28498683
 Rep.,Yemen,2020,29161922
 Rep.,Yemen,2021,29825968
 Rep.,Yemen,2010,22516464
 Rep.,Yemen,2011,23154854
 Rep.,Yemen,2012,23807586
 Rep.,Yemen,2013,24473176
 Rep.,Yemen,2014,25147112
 Rep.,Yemen,2015,25823488
 Rep.,Yemen,2016,26497881
ZAF,South Africa,2017,57009751
ZAF,South Africa,2018,57792520
ZAF,South Africa,2019,58558267
ZAF,South Africa,2020,59308690
ZAF,South Africa,2021,60041996
ZAF,South Africa,2010,51216967
ZAF,South Africa,2011,52003759
ZAF,South Africa,2012,52832659
ZAF,South Africa,2013,53687125
ZAF,South Africa,2014,54544184
ZAF,South Africa,2015,55386369
ZAF,South Africa,2016,56207649
ZMB,Zambia,2017,16853608
ZMB,Zambia,2018,17351714
ZMB,Zambia,2019,17861034
ZMB,Zambia,2020,18383956
ZMB,Zambia,2021,18920657
ZMB,Zambia,2010,13605986
ZMB,Zambia,2011,14023199
ZMB,Zambia,2012,14465148
ZMB,Zambia,2013,14926551
ZMB,Zambia,2014,15399793
ZMB,Zambia,2015,15879370
ZMB,Zambia,2016,16363449
ZWE,Zimbabwe,2017,14236599
ZWE,Zimbabwe,2018,14438812
ZWE,Zimbabwe,2019,14645473
ZWE,Zimbabwe,2020,14862927
ZWE,Zimbabwe,2021,15092171
ZWE,Zimbabwe,2010,12697728
ZWE,Zimbabwe,2011,12894323
ZWE,Zimbabwe,2012,13115149
ZWE,Zimbabwe,2013,13350378
ZWE,Zimbabwe,2014,13586710
ZWE,Zimbabwe,2015,13814642
ZWE,Zimbabwe,2016,14030338
